close,high,low,open,priceDate,symbol,volume,id,key,subkey,date,updated,changeOverTime,marketChangeOverTime,uOpen,uClose,uHigh,uLow,uVolume,fOpen,fClose,fHigh,fLow,fVolume,label,change,changePercent,Ticker
30.56,30.94,30.18,30.94,2023-11-08,AGR,1172948.0,HISTORICAL_PRICES,AGR,,2023-11-08,1701468983000,0.0,0.0,30.94,30.56,30.94,30.18,1172948,30.5056,30.131,30.5056,29.7563,1172948.0,"Nov 8, 23",0.0,0.0,AGR
30.21,30.83,30.19,30.63,2023-11-09,AGR,672508.0,HISTORICAL_PRICES,AGR,,2023-11-09,1701468985000,-0.011452879581151763,-0.011452879581151763,30.63,30.21,30.83,30.19,672508,30.2,29.7859,30.3972,29.7661,672508.0,"Nov 9, 23",-0.34999999999999787,-0.0115,AGR
30.38,30.5,30.09,30.38,2023-11-10,AGR,836532.0,HISTORICAL_PRICES,AGR,,2023-11-10,1701468987000,-0.005890052356020933,-0.005890052356020933,30.38,30.38,30.5,30.09,836532,29.9535,29.9535,30.0718,29.6675,836532.0,"Nov 10, 23",0.16999999999999815,0.0056,AGR
29.35,30.355,29.33,30.19,2023-11-13,AGR,846073.0,HISTORICAL_PRICES,AGR,,2023-11-13,1701468982000,-0.03959424083769625,-0.03959424083769625,30.19,29.35,30.355,29.33,846073,29.7661,28.9379,29.9288,28.9182,846073.0,"Nov 13, 23",-1.0299999999999976,-0.0339,AGR
31.4,31.43,30.33,30.33,2023-11-14,AGR,1307865.0,HISTORICAL_PRICES,AGR,,2023-11-14,1701468982000,0.027486910994764396,0.027486910994764396,30.33,31.4,31.43,30.33,1307865,29.9042,30.9592,30.9887,29.9042,1307865.0,"Nov 14, 23",2.049999999999997,0.0698,AGR
31.54,31.89,31.18,31.27,2023-11-15,AGR,1182980.0,HISTORICAL_PRICES,AGR,,2023-11-15,1701468985000,0.032068062827225144,0.032068062827225144,31.27,31.54,31.89,31.18,1182980,30.831,31.0972,31.4423,30.7422,1182980.0,"Nov 15, 23",0.14000000000000057,0.0045,AGR
31.67,32.17,31.59,31.9,2023-11-16,AGR,1160009.0,HISTORICAL_PRICES,AGR,,2023-11-16,1701468985000,0.03632198952879591,0.03632198952879591,31.9,31.67,32.17,31.59,1160009,31.4521,31.2254,31.7183,31.1465,1160009.0,"Nov 16, 23",0.13000000000000256,0.0041,AGR
30.87,31.9,30.63,31.88,2023-11-17,AGR,2509642.0,HISTORICAL_PRICES,AGR,,2023-11-17,1701468987000,0.010143979057591698,0.010143979057591698,31.88,30.87,31.9,30.63,2509642,31.4324,30.4366,31.4521,30.2,2509642.0,"Nov 17, 23",-0.8000000000000007,-0.0253,AGR
31.12,31.245,29.96,30.65,2023-11-20,AGR,2070175.0,HISTORICAL_PRICES,AGR,,2023-11-20,1701468983000,0.018324607329843007,0.018324607329843007,30.65,31.12,31.245,29.96,2070175,30.2197,30.6831,30.8063,29.5394,2070175.0,"Nov 20, 23",0.25,0.0081,AGR
31.14,31.15,30.535,31.13,2023-11-21,AGR,1483145.0,HISTORICAL_PRICES,AGR,,2023-11-21,1701468984000,0.0189790575916231,0.0189790575916231,31.13,31.14,31.15,30.535,1483145,30.6929,30.7028,30.7127,30.1063,1483145.0,"Nov 21, 23",0.019999999999999574,0.0006,AGR
31.57,31.63,30.84,31.35,2023-11-22,AGR,4013813.0,HISTORICAL_PRICES,AGR,,2023-11-22,1701468987000,0.03304973821989534,0.03304973821989534,31.35,31.57,31.63,30.84,4013813,30.9099,31.1268,31.1859,30.407,4013813.0,"Nov 22, 23",0.4299999999999997,0.0138,AGR
31.41,31.7,31.261,31.57,2023-11-24,AGR,411170.0,HISTORICAL_PRICES,AGR,,2023-11-24,1701468982000,0.027814136125654497,0.027814136125654497,31.57,31.41,31.7,31.261,411170,31.1268,30.969,31.2549,30.8221,411170.0,"Nov 24, 23",-0.16000000000000014,-0.0051,AGR
31.39,31.43,30.941,31.36,2023-11-27,AGR,1207154.0,HISTORICAL_PRICES,AGR,,2023-11-27,1701468986000,0.027159685863874405,0.027159685863874405,31.36,31.39,31.43,30.941,1207154,30.9197,30.9493,30.9887,30.5066,1207154.0,"Nov 27, 23",-0.019999999999999574,-0.0006,AGR
31.62,31.81,31.01,31.3,2023-11-28,AGR,1316250.0,HISTORICAL_PRICES,AGR,,2023-11-28,1701468982000,0.03468586387434563,0.03468586387434563,31.3,31.62,31.81,31.01,1316250,30.8606,31.1761,31.3634,30.5746,1316250.0,"Nov 28, 23",0.23000000000000043,0.0073,AGR
31.34,32.01,31.31,31.82,2023-11-29,AGR,999842.0,HISTORICAL_PRICES,AGR,,2023-11-29,1701469819000,0.02552356020942412,0.02552356020942412,31.82,31.34,32.01,31.31,999842,31.3733,30.9,31.5606,30.8704,999842.0,"Nov 29, 23",-0.28000000000000114,-0.0089,AGR
30.87,31.08,30.62,30.97,2023-11-30,AGR,827996.0,HISTORICAL_PRICES,AGR,,2023-11-30,1701469828000,0.010143979057591698,0.010143979057591698,30.97,30.87,31.08,30.62,827996,30.97,30.87,31.08,30.62,827996.0,"Nov 30, 23",-0.46999999999999886,-0.015,AGR
32.01,32.01,30.75,30.75,2023-12-01,AGR,828089.0,HISTORICAL_PRICES,AGR,,2023-12-01,1701484217000,0.04744764397905757,0.04744764397905757,30.75,32.01,32.01,30.75,828089,30.75,32.01,32.01,30.75,828089.0,"Dec 1, 23",1.139999999999997,0.0369,AGR
31.86,32.22,31.57,31.6,2023-12-04,AGR,971657.0,HISTORICAL_PRICES,AGR,,2023-12-04,1701743447000,0.04253926701570683,0.04253926701570683,31.6,31.86,32.22,31.57,971657,31.6,31.86,32.22,31.57,971657.0,"Dec 4, 23",-0.14999999999999858,-0.0047,AGR
31.82,31.89,31.46,31.76,2023-12-05,AGR,693352.0,HISTORICAL_PRICES,AGR,,2023-12-05,1701828064000,0.04123036649214665,0.04123036649214665,31.76,31.82,31.89,31.46,693352,31.76,31.82,31.89,31.46,693352.0,"Dec 5, 23",-0.03999999999999915,-0.0013,AGR
32.4,32.48,31.87,32.0,2023-12-06,AGR,1022282.0,HISTORICAL_PRICES,AGR,,2023-12-06,1701916286000,0.060209424083769635,0.060209424083769635,32.0,32.4,32.48,31.87,1022282,32.0,32.4,32.48,31.87,1022282.0,"Dec 6, 23",0.5799999999999983,0.0182,AGR
32.29,32.652,32.1775,32.5,2023-12-07,AGR,798081.0,HISTORICAL_PRICES,AGR,,2023-12-07,1702000842000,0.05660994764397907,0.05660994764397907,32.5,32.29,32.652,32.1775,798081,32.5,32.29,32.652,32.1775,798081.0,"Dec 7, 23",-0.10999999999999943,-0.0034,AGR
32.07,32.48,31.75,32.22,2023-12-08,AGR,556243.0,HISTORICAL_PRICES,AGR,,2023-12-08,1702089075000,0.04941099476439796,0.04941099476439796,32.22,32.07,32.48,31.75,556243,32.22,32.07,32.48,31.75,556243.0,"Dec 8, 23",-0.21999999999999886,-0.0068,AGR
31.94,32.0801,31.75,31.88,2023-12-11,AGR,856910.0,HISTORICAL_PRICES,AGR,,2023-12-11,1702346454000,0.04515706806282731,0.04515706806282731,31.88,31.94,32.0801,31.75,856910,31.88,31.94,32.0801,31.75,856910.0,"Dec 11, 23",-0.129999999999999,-0.0041,AGR
31.7,31.89,31.32,31.89,2023-12-12,AGR,831658.0,HISTORICAL_PRICES,AGR,,2023-12-12,1702432863000,0.03730366492146599,0.03730366492146599,31.89,31.7,31.89,31.32,831658,31.89,31.7,31.89,31.32,831658.0,"Dec 12, 23",-0.240000000000002,-0.0075,AGR
33.36,33.46,31.5801,31.77,2023-12-13,AGR,1233792.0,HISTORICAL_PRICES,AGR,,2023-12-13,1702519246000,0.09162303664921469,0.09162303664921469,31.77,33.36,33.46,31.5801,1233792,31.77,33.36,33.46,31.5801,1233792.0,"Dec 13, 23",1.6600000000000001,0.0524,AGR
33.99,34.685,33.63,33.76,2023-12-14,AGR,1500455.0,HISTORICAL_PRICES,AGR,,2023-12-14,1702605696000,0.11223821989528807,0.11223821989528807,33.76,33.99,34.685,33.63,1500455,33.76,33.99,34.685,33.63,1500455.0,"Dec 14, 23",0.6300000000000026,0.0189,AGR
32.86,33.805,32.6,33.78,2023-12-15,AGR,1093912.0,HISTORICAL_PRICES,AGR,,2023-12-15,1702693903000,0.07526178010471207,0.07526178010471207,33.78,32.86,33.805,32.6,1093912,33.78,32.86,33.805,32.6,1093912.0,"Dec 15, 23",-1.1300000000000026,-0.0332,AGR
32.35,33.03,32.31,32.99,2023-12-18,AGR,560754.0,HISTORICAL_PRICES,AGR,,2023-12-18,1702951238000,0.058573298429319465,0.058573298429319465,32.99,32.35,33.03,32.31,560754,32.99,32.35,33.03,32.31,560754.0,"Dec 18, 23",-0.509999999999998,-0.0155,AGR
32.54,32.755,32.34,32.51,2023-12-19,AGR,836732.0,HISTORICAL_PRICES,AGR,,2023-12-19,1703050224000,0.06479057591623039,0.06479057591623039,32.51,32.54,32.755,32.34,836732,32.51,32.54,32.755,32.34,836732.0,"Dec 19, 23",0.18999999999999773,0.0059,AGR
32.13,32.97,32.1,32.49,2023-12-20,AGR,958382.0,HISTORICAL_PRICES,AGR,,2023-12-20,1703124054000,0.05137434554973835,0.05137434554973835,32.49,32.13,32.97,32.1,958382,32.49,32.13,32.97,32.1,958382.0,"Dec 20, 23",-0.4099999999999966,-0.0126,AGR
32.42,32.63,32.13,32.2,2023-12-21,AGR,619618.0,HISTORICAL_PRICES,AGR,,2023-12-21,1703210468000,0.06086387434554984,0.06086387434554984,32.2,32.42,32.63,32.13,619618,32.2,32.42,32.63,32.13,619618.0,"Dec 21, 23",0.28999999999999915,0.009,AGR
32.34,33.08,32.33,32.65,2023-12-22,AGR,419576.0,HISTORICAL_PRICES,AGR,,2023-12-22,1703305877000,0.05824607329842948,0.05824607329842948,32.65,32.34,33.08,32.33,419576,32.65,32.34,33.08,32.33,419576.0,"Dec 22, 23",-0.0799999999999983,-0.0025,AGR
32.59,32.743,32.39,32.39,2023-12-26,AGR,462051.0,HISTORICAL_PRICES,AGR,,2023-12-26,1703642476000,0.06642670157068079,0.06642670157068079,32.39,32.59,32.743,32.39,462051,32.39,32.59,32.743,32.39,462051.0,"Dec 26, 23",0.25,0.0077,AGR
32.4,32.71,32.375,32.57,2023-12-27,AGR,503521.0,HISTORICAL_PRICES,AGR,,2023-12-27,1703732453000,0.060209424083769635,0.060209424083769635,32.57,32.4,32.71,32.375,503521,32.57,32.4,32.71,32.375,503521.0,"Dec 27, 23",-0.19000000000000483,-0.0058,AGR
32.77,32.825,32.23,32.23,2023-12-28,AGR,539697.0,HISTORICAL_PRICES,AGR,,2023-12-28,1703815223000,0.07231675392670171,0.07231675392670171,32.23,32.77,32.825,32.23,539697,32.23,32.77,32.825,32.23,539697.0,"Dec 28, 23",0.37000000000000455,0.0114,AGR
32.41,32.665,32.25,32.53,2023-12-29,AGR,463571.0,HISTORICAL_PRICES,AGR,,2023-12-29,1703903468000,0.06053664921465962,0.06053664921465962,32.53,32.41,32.665,32.25,463571,32.53,32.41,32.665,32.25,463571.0,"Dec 29, 23",-0.36000000000000654,-0.011,AGR
33.31,33.81,32.3,32.31,2024-01-02,AGR,1054896.0,HISTORICAL_PRICES,AGR,,2024-01-02,1704247255000,0.08998691099476452,0.08998691099476452,32.31,33.31,33.81,32.3,1054896,32.31,33.31,33.81,32.3,1054896.0,"Jan 2, 24",0.9000000000000057,0.0278,AGR
33.63,33.68,32.81,33.12,2024-01-03,AGR,870809.0,HISTORICAL_PRICES,AGR,,2024-01-03,1704333632000,0.1004581151832462,0.1004581151832462,33.12,33.63,33.68,32.81,870809,33.12,33.63,33.68,32.81,870809.0,"Jan 3, 24",0.3200000000000003,0.0096,AGR
33.47,33.9711,33.45,33.85,2024-01-04,AGR,537781.0,HISTORICAL_PRICES,AGR,,2024-01-04,1704420042000,0.09522251308900524,0.09522251308900524,33.85,33.47,33.9711,33.45,537781,33.85,33.47,33.9711,33.45,537781.0,"Jan 4, 24",-0.1600000000000037,-0.0048,AGR
33.86,34.14,33.2014,33.39,2024-01-05,AGR,686563.0,HISTORICAL_PRICES,AGR,,2024-01-05,1704511865000,0.1079842931937173,0.1079842931937173,33.39,33.86,34.14,33.2014,686563,33.39,33.86,34.14,33.2014,686563.0,"Jan 5, 24",0.39000000000000057,0.0117,AGR
34.1,34.2,33.59,33.68,2024-01-08,AGR,496500.0,HISTORICAL_PRICES,AGR,,2024-01-08,1704765667000,0.11583769633507862,0.11583769633507862,33.68,34.1,34.2,33.59,496500,33.68,34.1,34.2,33.59,496500.0,"Jan 8, 24",0.240000000000002,0.0071,AGR
33.94,34.08,33.43,33.72,2024-01-09,AGR,659554.0,HISTORICAL_PRICES,AGR,,2024-01-09,1704852044000,0.11060209424083767,0.11060209424083767,33.72,33.94,34.08,33.43,659554,33.72,33.94,34.08,33.43,659554.0,"Jan 9, 24",-0.1600000000000037,-0.0047,AGR
33.59,33.98,33.57,33.89,2024-01-10,AGR,589383.0,HISTORICAL_PRICES,AGR,,2024-01-10,1704938482000,0.09914921465968603,0.09914921465968603,33.89,33.59,33.98,33.57,589383,33.89,33.59,33.98,33.57,589383.0,"Jan 10, 24",-0.3499999999999943,-0.0103,AGR
32.63,33.425,32.47,33.31,2024-01-11,AGR,1023017.0,HISTORICAL_PRICES,AGR,,2024-01-11,1705024840000,0.06773560209424097,0.06773560209424097,33.31,32.63,33.425,32.47,1023017,33.31,32.63,33.425,32.47,1023017.0,"Jan 11, 24",-0.9600000000000009,-0.0286,AGR
32.83,33.11,32.72,32.94,2024-01-12,AGR,421705.0,HISTORICAL_PRICES,AGR,,2024-01-12,1705113083000,0.07428010471204187,0.07428010471204187,32.94,32.83,33.11,32.72,421705,32.94,32.83,33.11,32.72,421705.0,"Jan 12, 24",0.19999999999999574,0.0061,AGR
31.9,32.67,31.79,32.6,2024-01-16,AGR,869414.0,HISTORICAL_PRICES,AGR,,2024-01-16,1705456916000,0.04384816753926701,0.04384816753926701,32.6,31.9,32.67,31.79,869414,32.6,31.9,32.67,31.79,869414.0,"Jan 16, 24",-0.9299999999999997,-0.0283,AGR
31.27,31.965,30.96,31.56,2024-01-17,AGR,644393.0,HISTORICAL_PRICES,AGR,,2024-01-17,1705543261000,0.023232984293193745,0.023232984293193745,31.56,31.27,31.965,30.96,644393,31.56,31.27,31.965,30.96,644393.0,"Jan 17, 24",-0.629999999999999,-0.0197,AGR
30.88,31.25,30.66,31.15,2024-01-18,AGR,907089.0,HISTORICAL_PRICES,AGR,,2024-01-18,1705629625000,0.010471204188481685,0.010471204188481685,31.15,30.88,31.25,30.66,907089,31.15,30.88,31.25,30.66,907089.0,"Jan 18, 24",-0.39000000000000057,-0.0125,AGR
30.99,31.11,30.57,31.06,2024-01-19,AGR,1205204.0,HISTORICAL_PRICES,AGR,,2024-01-19,1705717825000,0.014070680628272242,0.014070680628272242,31.06,30.99,31.11,30.57,1205204,31.06,30.99,31.11,30.57,1205204.0,"Jan 19, 24",0.10999999999999943,0.0036,AGR
31.02,31.43,30.83,30.99,2024-01-22,AGR,714725.0,HISTORICAL_PRICES,AGR,,2024-01-22,1705980808000,0.015052356020942436,0.015052356020942436,30.99,31.02,31.43,30.83,714725,30.99,31.02,31.43,30.83,714725.0,"Jan 22, 24",0.030000000000001137,0.001,AGR
30.96,31.36,30.68,31.16,2024-01-23,AGR,909464.0,HISTORICAL_PRICES,AGR,,2024-01-23,1706065335000,0.013089005235602165,0.013089005235602165,31.16,30.96,31.36,30.68,909464,31.16,30.96,31.36,30.68,909464.0,"Jan 23, 24",-0.05999999999999872,-0.0019,AGR
29.91,31.305,29.88,31.27,2024-01-24,AGR,1307489.0,HISTORICAL_PRICES,AGR,,2024-01-24,1706202013000,-0.021269633507853356,-0.021269633507853356,31.27,29.91,31.305,29.88,1307489,31.27,29.91,31.305,29.88,1307489.0,"Jan 24, 24",-1.0500000000000007,-0.0339,AGR
30.72,30.73,30.055,30.43,2024-01-25,AGR,966644.0,HISTORICAL_PRICES,AGR,,2024-01-25,1706234447000,0.005235602094240842,0.005235602094240842,30.43,30.72,30.73,30.055,966644,30.43,30.72,30.73,30.055,966644.0,"Jan 25, 24",0.8099999999999987,0.0271,AGR
30.44,30.95,30.365,30.86,2024-01-26,AGR,525079.0,HISTORICAL_PRICES,AGR,,2024-01-26,1706322650000,-0.003926701570680545,-0.003926701570680545,30.86,30.44,30.95,30.365,525079,30.86,30.44,30.95,30.365,525079.0,"Jan 26, 24",-0.2799999999999976,-0.0091,AGR
30.75,30.9,30.235,30.46,2024-01-29,AGR,483232.0,HISTORICAL_PRICES,AGR,,2024-01-29,1706580040000,0.006217277486911037,0.006217277486911037,30.46,30.75,30.9,30.235,483232,30.46,30.75,30.9,30.235,483232.0,"Jan 29, 24",0.3099999999999987,0.0102,AGR
30.67,30.97,30.3426,30.59,2024-01-30,AGR,439486.0,HISTORICAL_PRICES,AGR,,2024-01-30,1706666450000,0.003599476439790674,0.003599476439790674,30.59,30.67,30.97,30.3426,439486,30.59,30.67,30.97,30.3426,439486.0,"Jan 30, 24",-0.0799999999999983,-0.0026,AGR
30.38,31.06,30.26,30.95,2024-01-31,AGR,682692.0,HISTORICAL_PRICES,AGR,,2024-01-31,1706894037000,-0.005890052356020933,-0.005890052356020933,30.95,30.38,31.06,30.26,682692,30.95,30.38,31.06,30.26,682692.0,"Jan 31, 24",-0.2900000000000027,-0.0095,AGR
31.44,31.605,30.21,30.39,2024-02-01,AGR,939472.0,HISTORICAL_PRICES,AGR,,2024-02-01,1706894037000,0.028795811518324693,0.028795811518324693,30.39,31.44,31.605,30.21,939472,30.39,31.44,31.605,30.21,939472.0,"Feb 1, 24",1.0600000000000023,0.0349,AGR
30.98,31.24,30.54,30.88,2024-02-02,AGR,888614.0,HISTORICAL_PRICES,AGR,,2024-02-02,1706927425000,0.013743455497382255,0.013743455497382255,30.88,30.98,31.24,30.54,888614,30.88,30.98,31.24,30.54,888614.0,"Feb 2, 24",-0.46000000000000085,-0.0146,AGR
30.35,30.64,30.16,30.54,2024-02-05,AGR,722696.0,HISTORICAL_PRICES,AGR,,2024-02-05,1707186688000,-0.006871727748691011,-0.006871727748691011,30.54,30.35,30.64,30.16,722696,30.54,30.35,30.64,30.16,722696.0,"Feb 5, 24",-0.629999999999999,-0.0203,AGR
30.3,30.49,30.17,30.27,2024-02-06,AGR,700444.0,HISTORICAL_PRICES,AGR,,2024-02-06,1707271260000,-0.008507853403141297,-0.008507853403141297,30.27,30.3,30.49,30.17,700444,30.27,30.3,30.49,30.17,700444.0,"Feb 6, 24",-0.05000000000000071,-0.0016,AGR
30.42,30.53,29.95,30.4,2024-02-07,AGR,614392.0,HISTORICAL_PRICES,AGR,,2024-02-07,1707359468000,-0.0045811518324606355,-0.0045811518324606355,30.4,30.42,30.53,29.95,614392,30.4,30.42,30.53,29.95,614392.0,"Feb 7, 24",0.120000000000001,0.004,AGR
30.02,30.31,29.76,30.23,2024-02-08,AGR,511094.0,HISTORICAL_PRICES,AGR,,2024-02-08,1707444048000,-0.0176701570680628,-0.0176701570680628,30.23,30.02,30.31,29.76,511094,30.23,30.02,30.31,29.76,511094.0,"Feb 8, 24",-0.40000000000000213,-0.0131,AGR
30.38,30.47,29.89,29.99,2024-02-09,AGR,480903.0,HISTORICAL_PRICES,AGR,,2024-02-09,1707532265000,-0.005890052356020933,-0.005890052356020933,29.99,30.38,30.47,29.89,480903,29.99,30.38,30.47,29.89,480903.0,"Feb 9, 24",0.35999999999999943,0.012,AGR
30.98,31.05,30.38,30.43,2024-02-12,AGR,441136.0,HISTORICAL_PRICES,AGR,,2024-02-12,1707789641000,0.013743455497382255,0.013743455497382255,30.43,30.98,31.05,30.38,441136,30.43,30.98,31.05,30.38,441136.0,"Feb 12, 24",0.6000000000000014,0.0197,AGR
30.23,30.84,29.71,30.61,2024-02-13,AGR,896983.0,HISTORICAL_PRICES,AGR,,2024-02-13,1707876056000,-0.010798429319371673,-0.010798429319371673,30.61,30.23,30.84,29.71,896983,30.61,30.23,30.84,29.71,896983.0,"Feb 13, 24",-0.75,-0.0242,AGR
30.42,30.575,30.11,30.4,2024-02-14,AGR,833935.0,HISTORICAL_PRICES,AGR,,2024-02-14,1707962536000,-0.0045811518324606355,-0.0045811518324606355,30.4,30.42,30.575,30.11,833935,30.4,30.42,30.575,30.11,833935.0,"Feb 14, 24",0.19000000000000128,0.0063,AGR
31.16,31.37,30.61,30.61,2024-02-15,AGR,880223.0,HISTORICAL_PRICES,AGR,,2024-02-15,1708048844000,0.01963350785340319,0.01963350785340319,30.61,31.16,31.37,30.61,880223,30.61,31.16,31.37,30.61,880223.0,"Feb 15, 24",0.7399999999999984,0.0243,AGR
31.63,31.66,30.855,31.07,2024-02-16,AGR,1085141.0,HISTORICAL_PRICES,AGR,,2024-02-16,1708137099000,0.035013089005235615,0.035013089005235615,31.07,31.63,31.66,30.855,1085141,31.07,31.63,31.66,30.855,1085141.0,"Feb 16, 24",0.46999999999999886,0.0151,AGR
31.41,31.825,31.2139,31.46,2024-02-20,AGR,922638.0,HISTORICAL_PRICES,AGR,,2024-02-20,1708480859000,0.027814136125654497,0.027814136125654497,31.46,31.41,31.825,31.2139,922638,31.46,31.41,31.825,31.2139,922638.0,"Feb 20, 24",-0.21999999999999886,-0.007,AGR
31.97,31.98,31.32,31.32,2024-02-21,AGR,686393.0,HISTORICAL_PRICES,AGR,,2024-02-21,1708570857000,0.046138743455497386,0.046138743455497386,31.32,31.97,31.98,31.32,686393,31.32,31.97,31.98,31.32,686393.0,"Feb 21, 24",0.5599999999999987,0.0178,AGR
31.87,31.935,31.08,31.43,2024-02-22,AGR,1382969.0,HISTORICAL_PRICES,AGR,,2024-02-22,1708653676000,0.042866492146596935,0.042866492146596935,31.43,31.87,31.935,31.08,1382969,31.43,31.87,31.935,31.08,1382969.0,"Feb 22, 24",-0.09999999999999787,-0.0031,AGR
32.08,32.37,31.74,31.91,2024-02-23,AGR,940943.0,HISTORICAL_PRICES,AGR,,2024-02-23,1708741858000,0.04973821989528795,0.04973821989528795,31.91,32.08,32.37,31.74,940943,31.91,32.08,32.37,31.74,940943.0,"Feb 23, 24",0.2099999999999973,0.0066,AGR
30.93,31.935,30.84,31.81,2024-02-26,AGR,679601.0,HISTORICAL_PRICES,AGR,,2024-02-26,1708999235000,0.01210732984293197,0.01210732984293197,31.81,30.93,31.935,30.84,679601,31.81,30.93,31.935,30.84,679601.0,"Feb 26, 24",-1.1499999999999986,-0.0358,AGR
31.62,31.64,31.01,31.21,2024-02-27,AGR,528609.0,HISTORICAL_PRICES,AGR,,2024-02-27,1709089266000,0.03468586387434563,0.03468586387434563,31.21,31.62,31.64,31.01,528609,31.21,31.62,31.64,31.01,528609.0,"Feb 27, 24",0.6900000000000013,0.0223,AGR
31.43,31.59,31.31,31.45,2024-02-28,AGR,636958.0,HISTORICAL_PRICES,AGR,,2024-02-28,1709332221000,0.02846858638743459,0.02846858638743459,31.45,31.43,31.59,31.31,636958,31.0097,30.99,31.1478,30.8717,636958.0,"Feb 28, 24",-0.19000000000000128,-0.006,AGR
31.13,31.41,30.9,31.23,2024-02-29,AGR,639720.0,HISTORICAL_PRICES,AGR,,2024-02-29,1709332210000,0.018651832460732994,0.018651832460732994,31.23,31.13,31.41,30.9,639720,31.23,31.13,31.41,30.9,639720.0,"Feb 29, 24",-0.3000000000000007,-0.0095,AGR
31.13,31.15,30.61,31.08,2024-03-01,AGR,584894.0,HISTORICAL_PRICES,AGR,,2024-03-01,1709350225000,0.018651832460732994,0.018651832460732994,31.08,31.13,31.15,30.61,584894,31.08,31.13,31.15,30.61,584894.0,"Mar 1, 24",0.0,0.0,AGR
32.04,32.18,31.0,31.0,2024-03-04,AGR,1006894.0,HISTORICAL_PRICES,AGR,,2024-03-04,1709604062000,0.048429319371727765,0.048429319371727765,31.0,32.04,32.18,31.0,1006894,31.0,32.04,32.18,31.0,1006894.0,"Mar 4, 24",0.9100000000000001,0.0292,AGR
31.77,32.405,31.63,32.14,2024-03-05,AGR,675359.0,HISTORICAL_PRICES,AGR,,2024-03-05,1709692298000,0.039594240837696366,0.039594240837696366,32.14,31.77,32.405,31.63,675359,32.14,31.77,32.405,31.63,675359.0,"Mar 5, 24",-0.2699999999999996,-0.0084,AGR
32.08,32.39,31.92,32.1,2024-03-06,AGR,659052.0,HISTORICAL_PRICES,AGR,,2024-03-06,1709776818000,0.04973821989528795,0.04973821989528795,32.1,32.08,32.39,31.92,659052,32.1,32.08,32.39,31.92,659052.0,"Mar 6, 24",0.3099999999999987,0.0098,AGR
36.24,36.305,35.75,35.8,2024-03-07,AGR,5317215.0,HISTORICAL_PRICES,AGR,,2024-03-07,1709863268000,0.18586387434554985,0.18586387434554985,35.8,36.24,36.305,35.75,5317215,35.8,36.24,36.305,35.75,5317215.0,"Mar 7, 24",4.160000000000004,0.1297,AGR
8.86,9.1197,8.82,9.0,2023-11-08,ARHS,713824.0,HISTORICAL_PRICES,ARHS,,2023-11-08,1699495232000,0.0,0.0,9.0,8.86,9.1197,8.82,713824,9.0,8.86,9.1197,8.82,713824.0,"Nov 8, 23",0.0,0.0,ARHS
8.16,9.035,8.04,8.92,2023-11-09,ARHS,848739.0,HISTORICAL_PRICES,ARHS,,2023-11-09,1699581646000,-0.07900677200902927,-0.07900677200902927,8.92,8.16,9.035,8.04,848739,8.92,8.16,9.035,8.04,848739.0,"Nov 9, 23",-0.6999999999999993,-0.079,ARHS
8.45,8.495,8.15,8.19,2023-11-10,ARHS,525122.0,HISTORICAL_PRICES,ARHS,,2023-11-10,1699669854000,-0.046275395033860064,-0.046275395033860064,8.19,8.45,8.495,8.15,525122,8.19,8.45,8.495,8.15,525122.0,"Nov 10, 23",0.28999999999999915,0.0355,ARHS
8.46,8.46,8.25,8.38,2023-11-13,ARHS,455861.0,HISTORICAL_PRICES,ARHS,,2023-11-13,1699927226000,-0.045146726862302325,-0.045146726862302325,8.38,8.46,8.46,8.25,455861,8.38,8.46,8.46,8.25,455861.0,"Nov 13, 23",0.010000000000001563,0.0012,ARHS
8.9,9.4,8.62,8.62,2023-11-14,ARHS,1236120.0,HISTORICAL_PRICES,ARHS,,2023-11-14,1700015467000,0.004514672686230353,0.004514672686230353,8.62,8.9,9.4,8.62,1236120,8.62,8.9,9.4,8.62,1236120.0,"Nov 14, 23",0.4399999999999995,0.052,ARHS
8.5,8.685,8.2233,8.53,2023-11-15,ARHS,4121693.0,HISTORICAL_PRICES,ARHS,,2023-11-15,1700100034000,-0.04063205417607217,-0.04063205417607217,8.53,8.5,8.685,8.2233,4121693,8.53,8.5,8.685,8.2233,4121693.0,"Nov 15, 23",-0.40000000000000036,-0.0449,ARHS
8.5,8.665,8.36,8.54,2023-11-16,ARHS,807291.0,HISTORICAL_PRICES,ARHS,,2023-11-16,1700186430000,-0.04063205417607217,-0.04063205417607217,8.54,8.5,8.665,8.36,807291,8.54,8.5,8.665,8.36,807291.0,"Nov 16, 23",0.0,0.0,ARHS
8.65,8.8,8.46,8.54,2023-11-17,ARHS,855353.0,HISTORICAL_PRICES,ARHS,,2023-11-17,1700274658000,-0.0237020316027087,-0.0237020316027087,8.54,8.65,8.8,8.46,855353,8.54,8.65,8.8,8.46,855353.0,"Nov 17, 23",0.15000000000000036,0.0176,ARHS
8.67,8.74,8.49,8.63,2023-11-20,ARHS,792860.0,HISTORICAL_PRICES,ARHS,,2023-11-20,1700532035000,-0.021444695259593624,-0.021444695259593624,8.63,8.67,8.74,8.49,792860,8.63,8.67,8.74,8.49,792860.0,"Nov 20, 23",0.019999999999999574,0.0023,ARHS
8.99,9.025,8.585,8.62,2023-11-21,ARHS,1797918.0,HISTORICAL_PRICES,ARHS,,2023-11-21,1700618427000,0.014672686230248396,0.014672686230248396,8.62,8.99,9.025,8.585,1797918,8.62,8.99,9.025,8.585,1797918.0,"Nov 21, 23",0.3200000000000003,0.0369,ARHS
8.95,9.23,8.87,9.0,2023-11-22,ARHS,1079926.0,HISTORICAL_PRICES,ARHS,,2023-11-22,1700704836000,0.010158013544018043,0.010158013544018043,9.0,8.95,9.23,8.87,1079926,9.0,8.95,9.23,8.87,1079926.0,"Nov 22, 23",-0.040000000000000924,-0.0044,ARHS
9.12,9.24,8.93,8.95,2023-11-24,ARHS,441598.0,HISTORICAL_PRICES,ARHS,,2023-11-24,1700879433000,0.02934537246049659,0.02934537246049659,8.95,9.12,9.24,8.93,441598,8.95,9.12,9.24,8.93,441598.0,"Nov 24, 23",0.16999999999999993,0.019,ARHS
9.07,9.13,8.96,9.1,2023-11-27,ARHS,468770.0,HISTORICAL_PRICES,ARHS,,2023-11-27,1701136861000,0.023702031602708902,0.023702031602708902,9.1,9.07,9.13,8.96,468770,9.1,9.07,9.13,8.96,468770.0,"Nov 27, 23",-0.049999999999998934,-0.0055,ARHS
9.14,9.29,8.96,9.08,2023-11-28,ARHS,556585.0,HISTORICAL_PRICES,ARHS,,2023-11-28,1701223268000,0.03160270880361187,0.03160270880361187,9.08,9.14,9.29,8.96,556585,9.08,9.14,9.29,8.96,556585.0,"Nov 28, 23",0.07000000000000028,0.0077,ARHS
9.23,9.41,9.17,9.21,2023-11-29,ARHS,448290.0,HISTORICAL_PRICES,ARHS,,2023-11-29,1701309633000,0.04176072234762991,0.04176072234762991,9.21,9.23,9.41,9.17,448290,9.21,9.23,9.41,9.17,448290.0,"Nov 29, 23",0.08999999999999986,0.0098,ARHS
9.32,9.34,9.15,9.28,2023-11-30,ARHS,516085.0,HISTORICAL_PRICES,ARHS,,2023-11-30,1701396059000,0.05191873589164796,0.05191873589164796,9.28,9.32,9.34,9.15,516085,9.28,9.32,9.34,9.15,516085.0,"Nov 30, 23",0.08999999999999986,0.0098,ARHS
9.81,9.845,9.21,9.28,2023-12-01,ARHS,593050.0,HISTORICAL_PRICES,ARHS,,2023-12-01,1701484325000,0.10722347629796852,0.10722347629796852,9.28,9.81,9.845,9.21,593050,9.28,9.81,9.845,9.21,593050.0,"Dec 1, 23",0.4900000000000002,0.0526,ARHS
9.52,9.99,9.47,9.8,2023-12-04,ARHS,1007264.0,HISTORICAL_PRICES,ARHS,,2023-12-04,1701743426000,0.07449209932279911,0.07449209932279911,9.8,9.52,9.99,9.47,1007264,9.8,9.52,9.99,9.47,1007264.0,"Dec 4, 23",-0.2900000000000009,-0.0296,ARHS
9.46,9.62,9.25,9.45,2023-12-05,ARHS,881660.0,HISTORICAL_PRICES,ARHS,,2023-12-05,1701828071000,0.06772009029345388,0.06772009029345388,9.45,9.46,9.62,9.25,881660,9.45,9.46,9.62,9.25,881660.0,"Dec 5, 23",-0.05999999999999872,-0.0063,ARHS
9.31,9.65,9.2992,9.62,2023-12-06,ARHS,392839.0,HISTORICAL_PRICES,ARHS,,2023-12-06,1701916217000,0.05079006772009042,0.05079006772009042,9.62,9.31,9.65,9.2992,392839,9.62,9.31,9.65,9.2992,392839.0,"Dec 6, 23",-0.15000000000000036,-0.0159,ARHS
9.44,9.47,9.19,9.35,2023-12-07,ARHS,721787.0,HISTORICAL_PRICES,ARHS,,2023-12-07,1702000856000,0.06546275395033861,0.06546275395033861,9.35,9.44,9.47,9.19,721787,9.35,9.44,9.47,9.19,721787.0,"Dec 7, 23",0.129999999999999,0.014,ARHS
9.37,9.395,9.2,9.36,2023-12-08,ARHS,641574.0,HISTORICAL_PRICES,ARHS,,2023-12-08,1702089047000,0.05756207674943564,0.05756207674943564,9.36,9.37,9.395,9.2,641574,9.36,9.37,9.395,9.2,641574.0,"Dec 8, 23",-0.07000000000000028,-0.0074,ARHS
9.685,9.835,9.4,9.41,2023-12-11,ARHS,809245.0,HISTORICAL_PRICES,ARHS,,2023-12-11,1702346458000,0.093115124153499,0.093115124153499,9.41,9.685,9.835,9.4,809245,9.41,9.685,9.835,9.4,809245.0,"Dec 11, 23",0.3150000000000013,0.0336,ARHS
9.56,9.72,9.465,9.68,2023-12-12,ARHS,463178.0,HISTORICAL_PRICES,ARHS,,2023-12-12,1702432834000,0.07900677200902947,0.07900677200902947,9.68,9.56,9.72,9.465,463178,9.68,9.56,9.72,9.465,463178.0,"Dec 12, 23",-0.125,-0.0129,ARHS
9.94,9.94,9.255,9.5,2023-12-13,ARHS,864145.0,HISTORICAL_PRICES,ARHS,,2023-12-13,1702519244000,0.12189616252821672,0.12189616252821672,9.5,9.94,9.94,9.255,864145,9.5,9.94,9.94,9.255,864145.0,"Dec 13, 23",0.379999999999999,0.0397,ARHS
10.73,10.75,9.87,10.0,2023-12-14,ARHS,2125868.0,HISTORICAL_PRICES,ARHS,,2023-12-14,1702605672000,0.21106094808126424,0.21106094808126424,10.0,10.73,10.75,9.87,2125868,10.0,10.73,10.75,9.87,2125868.0,"Dec 14, 23",0.7900000000000009,0.0795,ARHS
10.76,10.77,10.48,10.75,2023-12-15,ARHS,1032298.0,HISTORICAL_PRICES,ARHS,,2023-12-15,1702693920000,0.21444695259593685,0.21444695259593685,10.75,10.76,10.77,10.48,1032298,10.75,10.76,10.77,10.48,1032298.0,"Dec 15, 23",0.02999999999999936,0.0028,ARHS
10.84,10.85,10.63,10.77,2023-12-18,ARHS,1189070.0,HISTORICAL_PRICES,ARHS,,2023-12-18,1702951265000,0.22347629796839735,0.22347629796839735,10.77,10.84,10.85,10.63,1189070,10.77,10.84,10.85,10.63,1189070.0,"Dec 18, 23",0.08000000000000007,0.0074,ARHS
11.09,11.15,10.795,10.88,2023-12-19,ARHS,978759.0,HISTORICAL_PRICES,ARHS,,2023-12-19,1703050244000,0.25169300225733643,0.25169300225733643,10.88,11.09,11.15,10.795,978759,10.88,11.09,11.15,10.795,978759.0,"Dec 19, 23",0.25,0.0231,ARHS
10.91,11.45,10.87,11.09,2023-12-20,ARHS,1828599.0,HISTORICAL_PRICES,ARHS,,2023-12-20,1703124060000,0.2313769751693003,0.2313769751693003,11.09,10.91,11.45,10.87,1828599,11.09,10.91,11.45,10.87,1828599.0,"Dec 20, 23",-0.17999999999999972,-0.0162,ARHS
11.35,11.38,11.01,11.09,2023-12-21,ARHS,718517.0,HISTORICAL_PRICES,ARHS,,2023-12-21,1703210445000,0.281038374717833,0.281038374717833,11.09,11.35,11.38,11.01,718517,11.09,11.35,11.38,11.01,718517.0,"Dec 21, 23",0.4399999999999995,0.0403,ARHS
11.52,11.56,11.275,11.34,2023-12-22,ARHS,488901.0,HISTORICAL_PRICES,ARHS,,2023-12-22,1703305938000,0.30022573363431154,0.30022573363431154,11.34,11.52,11.56,11.275,488901,11.34,11.52,11.56,11.275,488901.0,"Dec 22, 23",0.16999999999999993,0.015,ARHS
11.88,11.89,11.48,11.56,2023-12-26,ARHS,909731.0,HISTORICAL_PRICES,ARHS,,2023-12-26,1703642444000,0.3408577878103839,0.3408577878103839,11.56,11.88,11.89,11.48,909731,11.56,11.88,11.89,11.48,909731.0,"Dec 26, 23",0.3600000000000012,0.0313,ARHS
11.93,12.01,11.685,11.87,2023-12-27,ARHS,702224.0,HISTORICAL_PRICES,ARHS,,2023-12-27,1703732447000,0.3465011286681716,0.3465011286681716,11.87,11.93,12.01,11.685,702224,11.87,11.93,12.01,11.685,702224.0,"Dec 27, 23",0.049999999999998934,0.0042,ARHS
12.06,12.07,11.875,11.88,2023-12-28,ARHS,656842.0,HISTORICAL_PRICES,ARHS,,2023-12-28,1703815250000,0.36117381489842,0.36117381489842,11.88,12.06,12.07,11.875,656842,11.88,12.06,12.07,11.875,656842.0,"Dec 28, 23",0.13000000000000078,0.0109,ARHS
11.85,12.15,11.82,12.07,2023-12-29,ARHS,686955.0,HISTORICAL_PRICES,ARHS,,2023-12-29,1703903458000,0.3374717832957111,0.3374717832957111,12.07,11.85,12.15,11.82,686955,12.07,11.85,12.15,11.82,686955.0,"Dec 29, 23",-0.21000000000000085,-0.0174,ARHS
11.67,11.92,11.54,11.74,2024-01-02,ARHS,826969.0,HISTORICAL_PRICES,ARHS,,2024-01-02,1704247270000,0.317155756207675,0.317155756207675,11.74,11.67,11.92,11.54,826969,11.74,11.67,11.92,11.54,826969.0,"Jan 2, 24",-0.17999999999999972,-0.0152,ARHS
11.35,11.68,11.12,11.45,2024-01-03,ARHS,1159522.0,HISTORICAL_PRICES,ARHS,,2024-01-03,1704333633000,0.281038374717833,0.281038374717833,11.45,11.35,11.68,11.12,1159522,11.45,11.35,11.68,11.12,1159522.0,"Jan 3, 24",-0.3200000000000003,-0.0274,ARHS
11.05,11.4,10.84,11.3,2024-01-04,ARHS,1913022.0,HISTORICAL_PRICES,ARHS,,2024-01-04,1704420021000,0.24717832957110625,0.24717832957110625,11.3,11.05,11.4,10.84,1913022,11.3,11.05,11.4,10.84,1913022.0,"Jan 4, 24",-0.29999999999999893,-0.0264,ARHS
11.35,11.42,10.9,11.04,2024-01-05,ARHS,898890.0,HISTORICAL_PRICES,ARHS,,2024-01-05,1704511822000,0.281038374717833,0.281038374717833,11.04,11.35,11.42,10.9,898890,11.04,11.35,11.42,10.9,898890.0,"Jan 5, 24",0.29999999999999893,0.0271,ARHS
11.47,11.61,11.32,11.32,2024-01-08,ARHS,638424.0,HISTORICAL_PRICES,ARHS,,2024-01-08,1704765660000,0.29458239277652387,0.29458239277652387,11.32,11.47,11.61,11.32,638424,11.32,11.47,11.61,11.32,638424.0,"Jan 8, 24",0.120000000000001,0.0106,ARHS
11.2,11.47,11.2,11.29,2024-01-09,ARHS,698316.0,HISTORICAL_PRICES,ARHS,,2024-01-09,1704852057000,0.26410835214446954,0.26410835214446954,11.29,11.2,11.47,11.2,698316,11.29,11.2,11.47,11.2,698316.0,"Jan 9, 24",-0.27000000000000135,-0.0235,ARHS
10.79,11.21,10.755,11.2,2024-01-10,ARHS,1453604.0,HISTORICAL_PRICES,ARHS,,2024-01-10,1704938436000,0.21783295711060946,0.21783295711060946,11.2,10.79,11.21,10.755,1453604,11.2,10.79,11.21,10.755,1453604.0,"Jan 10, 24",-0.41000000000000014,-0.0366,ARHS
10.75,10.85,10.405,10.7,2024-01-11,ARHS,1160133.0,HISTORICAL_PRICES,ARHS,,2024-01-11,1705024872000,0.2133182844243793,0.2133182844243793,10.7,10.75,10.85,10.405,1160133,10.7,10.75,10.85,10.405,1160133.0,"Jan 11, 24",-0.03999999999999915,-0.0037,ARHS
10.7,10.96,10.57,10.75,2024-01-12,ARHS,728377.0,HISTORICAL_PRICES,ARHS,,2024-01-12,1705113047000,0.2076749435665914,0.2076749435665914,10.75,10.7,10.96,10.57,728377,10.75,10.7,10.96,10.57,728377.0,"Jan 12, 24",-0.05000000000000071,-0.0047,ARHS
11.07,11.085,10.62,10.67,2024-01-16,ARHS,584877.0,HISTORICAL_PRICES,ARHS,,2024-01-16,1705456883000,0.24943566591422134,0.24943566591422134,10.67,11.07,11.085,10.62,584877,10.67,11.07,11.085,10.62,584877.0,"Jan 16, 24",0.370000000000001,0.0346,ARHS
11.12,11.13,10.83,10.96,2024-01-17,ARHS,527434.0,HISTORICAL_PRICES,ARHS,,2024-01-17,1705543279000,0.255079006772009,0.255079006772009,10.96,11.12,11.13,10.83,527434,10.96,11.12,11.13,10.83,527434.0,"Jan 17, 24",0.049999999999998934,0.0045,ARHS
11.36,11.38,11.1275,11.26,2024-01-18,ARHS,734311.0,HISTORICAL_PRICES,ARHS,,2024-01-18,1705629617000,0.28216704288939054,0.28216704288939054,11.26,11.36,11.38,11.1275,734311,11.26,11.36,11.38,11.1275,734311.0,"Jan 18, 24",0.2400000000000002,0.0216,ARHS
11.69,11.69,11.225,11.42,2024-01-19,ARHS,496198.0,HISTORICAL_PRICES,ARHS,,2024-01-19,1705717857000,0.3194130925507901,0.3194130925507901,11.42,11.69,11.69,11.225,496198,11.42,11.69,11.69,11.225,496198.0,"Jan 19, 24",0.33000000000000007,0.029,ARHS
11.93,11.95,11.72,11.79,2024-01-22,ARHS,608241.0,HISTORICAL_PRICES,ARHS,,2024-01-22,1705980646000,0.3465011286681716,0.3465011286681716,11.79,11.93,11.95,11.72,608241,11.79,11.93,11.95,11.72,608241.0,"Jan 22, 24",0.2400000000000002,0.0205,ARHS
12.13,12.19,11.91,11.95,2024-01-23,ARHS,856020.0,HISTORICAL_PRICES,ARHS,,2024-01-23,1706065315000,0.36907449209932297,0.36907449209932297,11.95,12.13,12.19,11.91,856020,11.95,12.13,12.19,11.91,856020.0,"Jan 23, 24",0.20000000000000107,0.0168,ARHS
11.65,12.645,11.575,12.25,2024-01-24,ARHS,1931822.0,HISTORICAL_PRICES,ARHS,,2024-01-24,1706202007000,0.31489841986455996,0.31489841986455996,12.25,11.65,12.645,11.575,1931822,12.25,11.65,12.645,11.575,1931822.0,"Jan 24, 24",-0.4800000000000004,-0.0396,ARHS
12.32,12.335,11.78,11.88,2024-01-25,ARHS,954728.0,HISTORICAL_PRICES,ARHS,,2024-01-25,1706234430000,0.3905191873589166,0.3905191873589166,11.88,12.32,12.335,11.78,954728,11.88,12.32,12.335,11.78,954728.0,"Jan 25, 24",0.6699999999999999,0.0575,ARHS
12.14,12.57,12.08,12.35,2024-01-26,ARHS,582293.0,HISTORICAL_PRICES,ARHS,,2024-01-26,1706322670000,0.3702031602708805,0.3702031602708805,12.35,12.14,12.57,12.08,582293,12.35,12.14,12.57,12.08,582293.0,"Jan 26, 24",-0.17999999999999972,-0.0146,ARHS
12.13,12.275,11.99,12.21,2024-01-29,ARHS,562241.0,HISTORICAL_PRICES,ARHS,,2024-01-29,1706580062000,0.36907449209932297,0.36907449209932297,12.21,12.13,12.275,11.99,562241,12.21,12.13,12.275,11.99,562241.0,"Jan 29, 24",-0.009999999999999787,-0.0008,ARHS
12.24,12.25,11.865,12.03,2024-01-30,ARHS,838404.0,HISTORICAL_PRICES,ARHS,,2024-01-30,1706666593000,0.3814898419864561,0.3814898419864561,12.03,12.24,12.25,11.865,838404,12.03,12.24,12.25,11.865,838404.0,"Jan 30, 24",0.10999999999999943,0.0091,ARHS
11.69,12.22,11.69,12.16,2024-01-31,ARHS,557410.0,HISTORICAL_PRICES,ARHS,,2024-01-31,1706894092000,0.3194130925507901,0.3194130925507901,12.16,11.69,12.22,11.69,557410,12.16,11.69,12.22,11.69,557410.0,"Jan 31, 24",-0.5500000000000007,-0.0449,ARHS
11.93,11.99,11.555,11.82,2024-02-01,ARHS,366029.0,HISTORICAL_PRICES,ARHS,,2024-02-01,1706894092000,0.3465011286681716,0.3465011286681716,11.82,11.93,11.99,11.555,366029,11.82,11.93,11.99,11.555,366029.0,"Feb 1, 24",0.2400000000000002,0.0205,ARHS
11.85,11.92,11.525,11.79,2024-02-02,ARHS,654136.0,HISTORICAL_PRICES,ARHS,,2024-02-02,1706927461000,0.3374717832957111,0.3374717832957111,11.79,11.85,11.92,11.525,654136,11.79,11.85,11.92,11.525,654136.0,"Feb 2, 24",-0.08000000000000007,-0.0067,ARHS
11.43,11.79,11.425,11.61,2024-02-05,ARHS,433560.0,HISTORICAL_PRICES,ARHS,,2024-02-05,1707186808000,0.2900677200902935,0.2900677200902935,11.61,11.43,11.79,11.425,433560,11.61,11.43,11.79,11.425,433560.0,"Feb 5, 24",-0.41999999999999993,-0.0354,ARHS
11.68,11.87,11.38,11.51,2024-02-06,ARHS,782092.0,HISTORICAL_PRICES,ARHS,,2024-02-06,1707271256000,0.31828442437923254,0.31828442437923254,11.51,11.68,11.87,11.38,782092,11.51,11.68,11.87,11.38,782092.0,"Feb 6, 24",0.25,0.0219,ARHS
11.59,11.83,11.385,11.71,2024-02-07,ARHS,702570.0,HISTORICAL_PRICES,ARHS,,2024-02-07,1707359465000,0.3081264108352145,0.3081264108352145,11.71,11.59,11.83,11.385,702570,11.71,11.59,11.83,11.385,702570.0,"Feb 7, 24",-0.08999999999999986,-0.0077,ARHS
12.0,12.2,11.57,11.62,2024-02-08,ARHS,818147.0,HISTORICAL_PRICES,ARHS,,2024-02-08,1707444051000,0.3544018058690746,0.3544018058690746,11.62,12.0,12.2,11.57,818147,11.62,12.0,12.2,11.57,818147.0,"Feb 8, 24",0.41000000000000014,0.0354,ARHS
12.15,12.15,11.95,12.14,2024-02-09,ARHS,336486.0,HISTORICAL_PRICES,ARHS,,2024-02-09,1707532260000,0.37133182844243806,0.37133182844243806,12.14,12.15,12.15,11.95,336486,12.14,12.15,12.15,11.95,336486.0,"Feb 9, 24",0.15000000000000036,0.0125,ARHS
12.74,12.8,12.1,12.16,2024-02-12,ARHS,697663.0,HISTORICAL_PRICES,ARHS,,2024-02-12,1707789654000,0.4379232505643342,0.4379232505643342,12.16,12.74,12.8,12.1,697663,12.16,12.74,12.8,12.1,697663.0,"Feb 12, 24",0.5899999999999999,0.0486,ARHS
12.22,12.5063,11.995,12.31,2024-02-13,ARHS,944311.0,HISTORICAL_PRICES,ARHS,,2024-02-13,1707876047000,0.37923250564334104,0.37923250564334104,12.31,12.22,12.5063,11.995,944311,12.31,12.22,12.5063,11.995,944311.0,"Feb 13, 24",-0.5199999999999996,-0.0408,ARHS
12.75,12.75,12.3709,12.49,2024-02-14,ARHS,751210.0,HISTORICAL_PRICES,ARHS,,2024-02-14,1707962555000,0.4390519187358917,0.4390519187358917,12.49,12.75,12.75,12.3709,751210,12.49,12.75,12.75,12.3709,751210.0,"Feb 14, 24",0.5299999999999994,0.0434,ARHS
12.95,12.97,12.69,12.82,2024-02-15,ARHS,606978.0,HISTORICAL_PRICES,ARHS,,2024-02-15,1708048864000,0.4616252821670429,0.4616252821670429,12.82,12.95,12.97,12.69,606978,12.82,12.95,12.97,12.69,606978.0,"Feb 15, 24",0.1999999999999993,0.0157,ARHS
13.06,13.14,12.64,12.89,2024-02-16,ARHS,643505.0,HISTORICAL_PRICES,ARHS,,2024-02-16,1708137119000,0.47404063205417624,0.47404063205417624,12.89,13.06,13.14,12.64,643505,12.89,13.06,13.14,12.64,643505.0,"Feb 16, 24",0.11000000000000121,0.0085,ARHS
12.83,13.0,12.595,12.81,2024-02-20,ARHS,661039.0,HISTORICAL_PRICES,ARHS,,2024-02-20,1708480844000,0.44808126410835225,0.44808126410835225,12.81,12.83,13.0,12.595,661039,12.81,12.83,13.0,12.595,661039.0,"Feb 20, 24",-0.23000000000000043,-0.0176,ARHS
12.69,12.875,12.61,12.71,2024-02-21,ARHS,508948.0,HISTORICAL_PRICES,ARHS,,2024-02-21,1708570873000,0.4322799097065463,0.4322799097065463,12.71,12.69,12.875,12.61,508948,12.71,12.69,12.875,12.61,508948.0,"Feb 21, 24",-0.14000000000000057,-0.0109,ARHS
13.04,13.055,12.79,12.81,2024-02-22,ARHS,631354.0,HISTORICAL_PRICES,ARHS,,2024-02-22,1708653673000,0.4717832957110609,0.4717832957110609,12.81,13.04,13.055,12.79,631354,12.81,13.04,13.055,12.79,631354.0,"Feb 22, 24",0.34999999999999964,0.0276,ARHS
13.2,13.31,13.02,13.12,2024-02-23,ARHS,598608.0,HISTORICAL_PRICES,ARHS,,2024-02-23,1708741893000,0.489841986455982,0.489841986455982,13.12,13.2,13.31,13.02,598608,13.12,13.2,13.31,13.02,598608.0,"Feb 23, 24",0.16000000000000014,0.0123,ARHS
13.43,13.46,13.04,13.23,2024-02-26,ARHS,453577.0,HISTORICAL_PRICES,ARHS,,2024-02-26,1708999266000,0.515801354401806,0.515801354401806,13.23,13.43,13.46,13.04,453577,13.23,13.43,13.46,13.04,453577.0,"Feb 26, 24",0.23000000000000043,0.0174,ARHS
13.47,13.775,13.44,13.5,2024-02-27,ARHS,774949.0,HISTORICAL_PRICES,ARHS,,2024-02-27,1709089287000,0.5203160270880363,0.5203160270880363,13.5,13.47,13.775,13.44,774949,13.5,13.47,13.775,13.44,774949.0,"Feb 27, 24",0.040000000000000924,0.003,ARHS
13.2,13.44,13.19,13.29,2024-02-28,ARHS,389270.0,HISTORICAL_PRICES,ARHS,,2024-02-28,1709172084000,0.489841986455982,0.489841986455982,13.29,13.2,13.44,13.19,389270,13.29,13.2,13.44,13.19,389270.0,"Feb 28, 24",-0.27000000000000135,-0.02,ARHS
13.22,13.5299,13.2,13.36,2024-02-29,ARHS,508820.0,HISTORICAL_PRICES,ARHS,,2024-02-29,1709258496000,0.49209932279909724,0.49209932279909724,13.36,13.22,13.5299,13.2,508820,13.36,13.22,13.5299,13.2,508820.0,"Feb 29, 24",0.02000000000000135,0.0015,ARHS
13.1,13.36,13.025,13.36,2024-03-01,ARHS,630077.0,HISTORICAL_PRICES,ARHS,,2024-03-01,1709350240000,0.47855530474040636,0.47855530474040636,13.36,13.1,13.36,13.025,630077,13.36,13.1,13.36,13.025,630077.0,"Mar 1, 24",-0.120000000000001,-0.0091,ARHS
12.73,13.335,12.73,13.12,2024-03-04,ARHS,788132.0,HISTORICAL_PRICES,ARHS,,2024-03-04,1709604070000,0.4367945823927767,0.4367945823927767,13.12,12.73,13.335,12.73,788132,13.12,12.73,13.335,12.73,788132.0,"Mar 4, 24",-0.3699999999999992,-0.0282,ARHS
12.93,13.14,12.51,12.69,2024-03-05,ARHS,1245225.0,HISTORICAL_PRICES,ARHS,,2024-03-05,1709692293000,0.4593679458239278,0.4593679458239278,12.69,12.93,13.14,12.51,1245225,12.69,12.93,13.14,12.51,1245225.0,"Mar 5, 24",0.1999999999999993,0.0157,ARHS
12.82,13.25,12.605,13.11,2024-03-06,ARHS,1631813.0,HISTORICAL_PRICES,ARHS,,2024-03-06,1709776852000,0.4469525959367947,0.4469525959367947,13.11,12.82,13.25,12.605,1631813,13.11,12.82,13.25,12.605,1631813.0,"Mar 6, 24",-0.10999999999999943,-0.0085,ARHS
14.37,15.59,13.8,14.0,2024-03-07,ARHS,3614594.0,HISTORICAL_PRICES,ARHS,,2024-03-07,1709863230000,0.6218961625282167,0.6218961625282167,14.0,14.37,15.59,13.8,3614594,14.0,14.37,15.59,13.8,3614594.0,"Mar 7, 24",1.549999999999999,0.1209,ARHS
26.19,28.03,21.88,21.88,2023-11-08,ML,127887.0,HISTORICAL_PRICES,ML,,2023-11-08,1699495226000,0.0,0.0,21.88,26.19,28.03,21.88,127887,21.88,26.19,28.03,21.88,127887.0,"Nov 8, 23",0.0,0.0,ML
27.96,29.37,25.16,25.16,2023-11-09,ML,79847.0,HISTORICAL_PRICES,ML,,2023-11-09,1699581618000,0.06758304696449025,0.06758304696449025,25.16,27.96,29.37,25.16,79847,25.16,27.96,29.37,25.16,79847.0,"Nov 9, 23",1.7699999999999996,0.0676,ML
31.44,31.93,26.91,28.18,2023-11-10,ML,171221.0,HISTORICAL_PRICES,ML,,2023-11-10,1699669869000,0.20045819014891178,0.20045819014891178,28.18,31.44,31.93,26.91,171221,28.18,31.44,31.93,26.91,171221.0,"Nov 10, 23",3.4800000000000004,0.1245,ML
30.36,31.65,28.6416,31.65,2023-11-13,ML,89283.0,HISTORICAL_PRICES,ML,,2023-11-13,1699927236000,0.15922107674684988,0.15922107674684988,31.65,30.36,31.65,28.6416,89283,31.65,30.36,31.65,28.6416,89283.0,"Nov 13, 23",-1.0800000000000018,-0.0344,ML
34.72,35.36,31.0,31.51,2023-11-14,ML,109369.0,HISTORICAL_PRICES,ML,,2023-11-14,1700015484000,0.32569683085146994,0.32569683085146994,31.51,34.72,35.36,31.0,109369,31.51,34.72,35.36,31.0,109369.0,"Nov 14, 23",4.359999999999999,0.1436,ML
32.07,35.275,31.16,35.24,2023-11-15,ML,103982.0,HISTORICAL_PRICES,ML,,2023-11-15,1700100024000,0.22451317296678117,0.22451317296678117,35.24,32.07,35.275,31.16,103982,35.24,32.07,35.275,31.16,103982.0,"Nov 15, 23",-2.6499999999999986,-0.0763,ML
33.1,33.885,30.81,32.05,2023-11-16,ML,149255.0,HISTORICAL_PRICES,ML,,2023-11-16,1700186427000,0.2638411607483772,0.2638411607483772,32.05,33.1,33.885,30.81,149255,32.05,33.1,33.885,30.81,149255.0,"Nov 16, 23",1.0300000000000011,0.0321,ML
31.64,34.305,31.42,33.15,2023-11-17,ML,108633.0,HISTORICAL_PRICES,ML,,2023-11-17,1700274644000,0.20809469263077507,0.20809469263077507,33.15,31.64,34.305,31.42,108633,33.15,31.64,34.305,31.42,108633.0,"Nov 17, 23",-1.4600000000000009,-0.0441,ML
34.59,34.59,31.7564,31.95,2023-11-20,ML,138073.0,HISTORICAL_PRICES,ML,,2023-11-20,1700532043000,0.32073310423825896,0.32073310423825896,31.95,34.59,34.59,31.7564,138073,31.95,34.59,34.59,31.7564,138073.0,"Nov 20, 23",2.950000000000003,0.0932,ML
33.7,34.89,33.01,33.01,2023-11-21,ML,102577.0,HISTORICAL_PRICES,ML,,2023-11-21,1700618447000,0.2867506681939672,0.2867506681939672,33.01,33.7,34.89,33.01,102577,33.01,33.7,34.89,33.01,102577.0,"Nov 21, 23",-0.8900000000000006,-0.0257,ML
34.3,35.35,33.31,33.69,2023-11-22,ML,73610.0,HISTORICAL_PRICES,ML,,2023-11-22,1700704829000,0.3096601756395569,0.3096601756395569,33.69,34.3,35.35,33.31,73610,33.69,34.3,35.35,33.31,73610.0,"Nov 22, 23",0.5999999999999943,0.0178,ML
36.37,36.8,33.79,33.79,2023-11-24,ML,76042.0,HISTORICAL_PRICES,ML,,2023-11-24,1700879444000,0.38869797632684217,0.38869797632684217,33.79,36.37,36.8,33.79,76042,33.79,36.37,36.8,33.79,76042.0,"Nov 24, 23",2.0700000000000003,0.0603,ML
38.23,39.0,36.26,36.8,2023-11-27,ML,112434.0,HISTORICAL_PRICES,ML,,2023-11-27,1701136826000,0.4597174494081709,0.4597174494081709,36.8,38.23,39.0,36.26,112434,36.8,38.23,39.0,36.26,112434.0,"Nov 27, 23",1.8599999999999994,0.0511,ML
38.36,38.77,36.2594,37.49,2023-11-28,ML,87317.0,HISTORICAL_PRICES,ML,,2023-11-28,1701223231000,0.4646811760213821,0.4646811760213821,37.49,38.36,38.77,36.2594,87317,37.49,38.36,38.77,36.2594,87317.0,"Nov 28, 23",0.13000000000000256,0.0034,ML
37.58,41.0,36.96,39.0,2023-11-29,ML,159265.0,HISTORICAL_PRICES,ML,,2023-11-29,1701309624000,0.4348988163421152,0.4348988163421152,39.0,37.58,41.0,36.96,159265,39.0,37.58,41.0,36.96,159265.0,"Nov 29, 23",-0.7800000000000011,-0.0203,ML
41.22,41.67,37.27,37.27,2023-11-30,ML,197405.0,HISTORICAL_PRICES,ML,,2023-11-30,1701396086000,0.5738831615120273,0.5738831615120273,37.27,41.22,41.67,37.27,197405,37.27,41.22,41.67,37.27,197405.0,"Nov 30, 23",3.6400000000000006,0.0969,ML
42.52,43.58,40.7367,41.32,2023-12-01,ML,117806.0,HISTORICAL_PRICES,ML,,2023-12-01,1701484296000,0.6235204276441391,0.6235204276441391,41.32,42.52,43.58,40.7367,117806,41.32,42.52,43.58,40.7367,117806.0,"Dec 1, 23",1.3000000000000043,0.0315,ML
43.12,43.88,41.165,42.52,2023-12-04,ML,193236.0,HISTORICAL_PRICES,ML,,2023-12-04,1701743437000,0.6464299350897287,0.6464299350897287,42.52,43.12,43.88,41.165,193236,42.52,43.12,43.88,41.165,193236.0,"Dec 4, 23",0.5999999999999943,0.0141,ML
42.89,44.2375,42.035,42.8,2023-12-05,ML,156023.0,HISTORICAL_PRICES,ML,,2023-12-05,1701828035000,0.6376479572355861,0.6376479572355861,42.8,42.89,44.2375,42.035,156023,42.8,42.89,44.2375,42.035,156023.0,"Dec 5, 23",-0.22999999999999687,-0.0053,ML
42.65,45.78,41.64,44.4,2023-12-06,ML,159043.0,HISTORICAL_PRICES,ML,,2023-12-06,1701916265000,0.62848415425735,0.62848415425735,44.4,42.65,45.78,41.64,159043,44.4,42.65,45.78,41.64,159043.0,"Dec 6, 23",-0.240000000000002,-0.0056,ML
43.11,44.3,41.445,42.32,2023-12-07,ML,127830.0,HISTORICAL_PRICES,ML,,2023-12-07,1702000840000,0.6460481099656357,0.6460481099656357,42.32,43.11,44.3,41.445,127830,42.32,43.11,44.3,41.445,127830.0,"Dec 7, 23",0.46000000000000085,0.0108,ML
45.0,45.23,41.39,42.98,2023-12-08,ML,130702.0,HISTORICAL_PRICES,ML,,2023-12-08,1702089040000,0.7182130584192439,0.7182130584192439,42.98,45.0,45.23,41.39,130702,42.98,45.0,45.23,41.39,130702.0,"Dec 8, 23",1.8900000000000006,0.0438,ML
41.75,46.09,41.55,45.36,2023-12-11,ML,109798.0,HISTORICAL_PRICES,ML,,2023-12-11,1702346455000,0.5941198930889652,0.5941198930889652,45.36,41.75,46.09,41.55,109798,45.36,41.75,46.09,41.55,109798.0,"Dec 11, 23",-3.25,-0.0722,ML
47.08,48.25,42.49,43.56,2023-12-12,ML,176181.0,HISTORICAL_PRICES,ML,,2023-12-12,1702432815000,0.7976326842306222,0.7976326842306222,43.56,47.08,48.25,42.49,176181,43.56,47.08,48.25,42.49,176181.0,"Dec 12, 23",5.329999999999998,0.1277,ML
49.97,51.285,47.5,49.53,2023-12-13,ML,174395.0,HISTORICAL_PRICES,ML,,2023-12-13,1702519232000,0.907980145093547,0.907980145093547,49.53,49.97,51.285,47.5,174395,49.53,49.97,51.285,47.5,174395.0,"Dec 13, 23",2.8900000000000006,0.0614,ML
47.51,51.47,46.78,50.72,2023-12-14,ML,154609.0,HISTORICAL_PRICES,ML,,2023-12-14,1702605663000,0.8140511645666283,0.8140511645666283,50.72,47.51,51.47,46.78,154609,50.72,47.51,51.47,46.78,154609.0,"Dec 14, 23",-2.460000000000001,-0.0492,ML
50.69,51.53,46.96,47.0,2023-12-15,ML,152991.0,HISTORICAL_PRICES,ML,,2023-12-15,1702693831000,0.9354715540282549,0.9354715540282549,47.0,50.69,51.53,46.96,152991,47.0,50.69,51.53,46.96,152991.0,"Dec 15, 23",3.1799999999999997,0.0669,ML
49.94,52.52,49.1,52.52,2023-12-18,ML,109020.0,HISTORICAL_PRICES,ML,,2023-12-18,1702951251000,0.9068346697212675,0.9068346697212675,52.52,49.94,52.52,49.1,109020,52.52,49.94,52.52,49.1,109020.0,"Dec 18, 23",-0.75,-0.0148,ML
51.41,54.5178,51.01,51.01,2023-12-19,ML,240914.0,HISTORICAL_PRICES,ML,,2023-12-19,1703050238000,0.9629629629629627,0.9629629629629627,51.01,51.41,54.5178,51.01,240914,51.01,51.41,54.5178,51.01,240914.0,"Dec 19, 23",1.4699999999999989,0.0294,ML
52.01,57.8099,51.0,52.46,2023-12-20,ML,195580.0,HISTORICAL_PRICES,ML,,2023-12-20,1703124075000,0.9858724704085527,0.9858724704085527,52.46,52.01,57.8099,51.0,195580,52.46,52.01,57.8099,51.0,195580.0,"Dec 20, 23",0.6000000000000014,0.0117,ML
56.23,58.25,52.9972,54.0,2023-12-21,ML,176675.0,HISTORICAL_PRICES,ML,,2023-12-21,1703210430000,1.1470026727758684,1.1470026727758684,54.0,56.23,58.25,52.9972,176675,54.0,56.23,58.25,52.9972,176675.0,"Dec 21, 23",4.219999999999999,0.0811,ML
59.74,65.12,59.04,61.78,2023-12-22,ML,264958.0,HISTORICAL_PRICES,ML,,2023-12-22,1703305840000,1.2810232913325694,1.2810232913325694,61.78,59.74,65.12,59.04,264958,61.78,59.74,65.12,59.04,264958.0,"Dec 22, 23",3.510000000000005,0.0624,ML
64.66,64.82,59.5,60.45,2023-12-26,ML,154933.0,HISTORICAL_PRICES,ML,,2023-12-26,1703642437000,1.468881252386407,1.468881252386407,60.45,64.66,64.82,59.5,154933,60.45,64.66,64.82,59.5,154933.0,"Dec 26, 23",4.919999999999995,0.0824,ML
64.49,66.0,61.665,65.85,2023-12-27,ML,159017.0,HISTORICAL_PRICES,ML,,2023-12-27,1703732460000,1.462390225276823,1.462390225276823,65.85,64.49,66.0,61.665,159017,65.85,64.49,66.0,61.665,159017.0,"Dec 27, 23",-0.1700000000000017,-0.0026,ML
65.35,66.47,62.57,64.75,2023-12-28,ML,174738.0,HISTORICAL_PRICES,ML,,2023-12-28,1703815270000,1.4952271859488353,1.4952271859488353,64.75,65.35,66.47,62.57,174738,64.75,65.35,66.47,62.57,174738.0,"Dec 28, 23",0.8599999999999994,0.0133,ML
62.69,66.32,60.93,65.0,2023-12-29,ML,156699.0,HISTORICAL_PRICES,ML,,2023-12-29,1703903440000,1.3936617029400533,1.3936617029400533,65.0,62.69,66.32,60.93,156699,65.0,62.69,66.32,60.93,156699.0,"Dec 29, 23",-2.6599999999999966,-0.0407,ML
62.16,63.75,60.1,61.35,2024-01-02,ML,210200.0,HISTORICAL_PRICES,ML,,2024-01-02,1704247239000,1.3734249713631155,1.3734249713631155,61.35,62.16,63.75,60.1,210200,61.35,62.16,63.75,60.1,210200.0,"Jan 2, 24",-0.5300000000000011,-0.0085,ML
61.31,63.88,59.93,60.28,2024-01-03,ML,160649.0,HISTORICAL_PRICES,ML,,2024-01-03,1704333649000,1.3409698358151967,1.3409698358151967,60.28,61.31,63.88,59.93,160649,60.28,61.31,63.88,59.93,160649.0,"Jan 3, 24",-0.8499999999999943,-0.0137,ML
63.4,65.94,60.915,60.99,2024-01-04,ML,192373.0,HISTORICAL_PRICES,ML,,2024-01-04,1704420035000,1.4207712867506679,1.4207712867506679,60.99,63.4,65.94,60.915,192373,60.99,63.4,65.94,60.915,192373.0,"Jan 4, 24",2.0899999999999963,0.0341,ML
63.24,65.1,61.63,62.6,2024-01-05,ML,179515.0,HISTORICAL_PRICES,ML,,2024-01-05,1704511869000,1.4146620847651774,1.4146620847651774,62.6,63.24,65.1,61.63,179515,62.6,63.24,65.1,61.63,179515.0,"Jan 5, 24",-0.1599999999999966,-0.0025,ML
65.13,66.9845,61.29,62.82,2024-01-08,ML,176849.0,HISTORICAL_PRICES,ML,,2024-01-08,1704765632000,1.4868270332187856,1.4868270332187856,62.82,65.13,66.9845,61.29,176849,62.82,65.13,66.9845,61.29,176849.0,"Jan 8, 24",1.8899999999999935,0.0299,ML
63.96,65.15,62.8562,64.79,2024-01-09,ML,120543.0,HISTORICAL_PRICES,ML,,2024-01-09,1704852030000,1.4421534936998852,1.4421534936998852,64.79,63.96,65.15,62.8562,120543,64.79,63.96,65.15,62.8562,120543.0,"Jan 9, 24",-1.1699999999999946,-0.018,ML
59.4,65.78,57.81,63.92,2024-01-10,ML,317468.0,HISTORICAL_PRICES,ML,,2024-01-10,1704938434000,1.2680412371134018,1.2680412371134018,63.92,59.4,65.78,57.81,317468,63.92,59.4,65.78,57.81,317468.0,"Jan 10, 24",-4.560000000000002,-0.0713,ML
56.07,58.36,49.76,58.36,2024-01-11,ML,369752.0,HISTORICAL_PRICES,ML,,2024-01-11,1705024859000,1.140893470790378,1.140893470790378,58.36,56.07,58.36,49.76,369752,58.36,56.07,58.36,49.76,369752.0,"Jan 11, 24",-3.3299999999999983,-0.0561,ML
57.8,59.9,54.81,56.28,2024-01-12,ML,207740.0,HISTORICAL_PRICES,ML,,2024-01-12,1705113043000,1.2069492172584955,1.2069492172584955,56.28,57.8,59.9,54.81,207740,56.28,57.8,59.9,54.81,207740.0,"Jan 12, 24",1.7299999999999969,0.0309,ML
56.53,58.33,54.0,54.77,2024-01-16,ML,143097.0,HISTORICAL_PRICES,ML,,2024-01-16,1705456923000,1.1584574264986636,1.1584574264986636,54.77,56.53,58.33,54.0,143097,54.77,56.53,58.33,54.0,143097.0,"Jan 16, 24",-1.269999999999996,-0.022,ML
54.99,57.255,54.55,54.79,2024-01-17,ML,96720.0,HISTORICAL_PRICES,ML,,2024-01-17,1705543268000,1.099656357388316,1.099656357388316,54.79,54.99,57.255,54.55,96720,54.79,54.99,57.255,54.55,96720.0,"Jan 17, 24",-1.5399999999999991,-0.0272,ML
51.11,54.99,50.42,54.45,2024-01-18,ML,223406.0,HISTORICAL_PRICES,ML,,2024-01-18,1705629627000,0.9515082092401679,0.9515082092401679,54.45,51.11,54.99,50.42,223406,54.45,51.11,54.99,50.42,223406.0,"Jan 18, 24",-3.8800000000000026,-0.0706,ML
48.69,51.21,47.2718,51.21,2024-01-19,ML,172485.0,HISTORICAL_PRICES,ML,,2024-01-19,1705717820000,0.8591065292096218,0.8591065292096218,51.21,48.69,51.21,47.2718,172485,51.21,48.69,51.21,47.2718,172485.0,"Jan 19, 24",-2.4200000000000017,-0.0473,ML
50.68,51.09,47.13,49.35,2024-01-22,ML,175650.0,HISTORICAL_PRICES,ML,,2024-01-22,1705980673000,0.9350897289041618,0.9350897289041618,49.35,50.68,51.09,47.13,175650,49.35,50.68,51.09,47.13,175650.0,"Jan 22, 24",1.990000000000002,0.0409,ML
48.61,51.88,47.4,51.64,2024-01-23,ML,117576.0,HISTORICAL_PRICES,ML,,2024-01-23,1706065310000,0.8560519282168766,0.8560519282168766,51.64,48.61,51.88,47.4,117576,51.64,48.61,51.88,47.4,117576.0,"Jan 23, 24",-2.0700000000000003,-0.0408,ML
47.38,50.57,46.92,50.07,2024-01-24,ML,107408.0,HISTORICAL_PRICES,ML,,2024-01-24,1706202011000,0.8090874379534173,0.8090874379534173,50.07,47.38,50.57,46.92,107408,50.07,47.38,50.57,46.92,107408.0,"Jan 24, 24",-1.2299999999999969,-0.0253,ML
47.94,48.9,46.55,48.62,2024-01-25,ML,74394.0,HISTORICAL_PRICES,ML,,2024-01-25,1706234460000,0.8304696449026344,0.8304696449026344,48.62,47.94,48.9,46.55,74394,48.62,47.94,48.9,46.55,74394.0,"Jan 25, 24",0.5599999999999952,0.0118,ML
48.83,49.23,46.99,48.23,2024-01-26,ML,96728.0,HISTORICAL_PRICES,ML,,2024-01-26,1706322618000,0.8644520809469262,0.8644520809469262,48.23,48.83,49.23,46.99,96728,48.23,48.83,49.23,46.99,96728.0,"Jan 26, 24",0.8900000000000006,0.0186,ML
51.15,51.8099,48.32,49.23,2024-01-29,ML,150224.0,HISTORICAL_PRICES,ML,,2024-01-29,1706580058000,0.9530355097365405,0.9530355097365405,49.23,51.15,51.8099,48.32,150224,49.23,51.15,51.8099,48.32,150224.0,"Jan 29, 24",2.3200000000000003,0.0475,ML
45.84,51.9362,44.571,51.17,2024-01-30,ML,174277.0,HISTORICAL_PRICES,ML,,2024-01-30,1706666508000,0.7502863688430699,0.7502863688430699,51.17,45.84,51.9362,44.571,174277,51.17,45.84,51.9362,44.571,174277.0,"Jan 30, 24",-5.309999999999995,-0.1038,ML
46.11,47.26,44.71,45.09,2024-01-31,ML,105244.0,HISTORICAL_PRICES,ML,,2024-01-31,1706894051000,0.7605956471935852,0.7605956471935852,45.09,46.11,47.26,44.71,105244,45.09,46.11,47.26,44.71,105244.0,"Jan 31, 24",0.269999999999996,0.0059,ML
45.34,46.42,43.8117,46.42,2024-02-01,ML,60960.0,HISTORICAL_PRICES,ML,,2024-02-01,1706894051000,0.7311951126384116,0.7311951126384116,46.42,45.34,46.42,43.8117,60960,46.42,45.34,46.42,43.8117,60960.0,"Feb 1, 24",-0.769999999999996,-0.0167,ML
45.55,46.28,43.81,44.06,2024-02-02,ML,67095.0,HISTORICAL_PRICES,ML,,2024-02-02,1706927418000,0.7392134402443679,0.7392134402443679,44.06,45.55,46.28,43.81,67095,44.06,45.55,46.28,43.81,67095.0,"Feb 2, 24",0.20999999999999375,0.0046,ML
48.95,50.31,45.45,46.18,2024-02-05,ML,130946.0,HISTORICAL_PRICES,ML,,2024-02-05,1707186705000,0.8690339824360443,0.8690339824360443,46.18,48.95,50.31,45.45,130946,46.18,48.95,50.31,45.45,130946.0,"Feb 5, 24",3.4000000000000057,0.0746,ML
47.87,49.8936,46.165,48.93,2024-02-06,ML,95785.0,HISTORICAL_PRICES,ML,,2024-02-06,1707271208000,0.8277968690339822,0.8277968690339822,48.93,47.87,49.8936,46.165,95785,48.93,47.87,49.8936,46.165,95785.0,"Feb 6, 24",-1.0800000000000054,-0.0221,ML
48.03,48.6,45.97,48.1,2024-02-07,ML,108608.0,HISTORICAL_PRICES,ML,,2024-02-07,1707359419000,0.833906071019473,0.833906071019473,48.1,48.03,48.6,45.97,108608,48.1,48.03,48.6,45.97,108608.0,"Feb 7, 24",0.1600000000000037,0.0033,ML
48.95,50.54,47.95,48.31,2024-02-08,ML,102088.0,HISTORICAL_PRICES,ML,,2024-02-08,1707444038000,0.8690339824360443,0.8690339824360443,48.31,48.95,50.54,47.95,102088,48.31,48.95,50.54,47.95,102088.0,"Feb 8, 24",0.9200000000000017,0.0192,ML
49.44,49.81,48.09,49.63,2024-02-09,ML,73209.0,HISTORICAL_PRICES,ML,,2024-02-09,1707532218000,0.8877434135166092,0.8877434135166092,49.63,49.44,49.81,48.09,73209,49.63,49.44,49.81,48.09,73209.0,"Feb 9, 24",0.4899999999999949,0.01,ML
49.35,50.98,48.14,49.41,2024-02-12,ML,89928.0,HISTORICAL_PRICES,ML,,2024-02-12,1707789638000,0.8843069873997709,0.8843069873997709,49.41,49.35,50.98,48.14,89928,49.41,49.35,50.98,48.14,89928.0,"Feb 12, 24",-0.0899999999999963,-0.0018,ML
46.52,47.76,44.76,47.76,2024-02-13,ML,87833.0,HISTORICAL_PRICES,ML,,2024-02-13,1707876021000,0.7762504772814052,0.7762504772814052,47.76,46.52,47.76,44.76,87833,47.76,46.52,47.76,44.76,87833.0,"Feb 13, 24",-2.8299999999999983,-0.0573,ML
48.54,48.84,47.0,48.32,2024-02-14,ML,82697.0,HISTORICAL_PRICES,ML,,2024-02-14,1707962426000,0.8533791523482244,0.8533791523482244,48.32,48.54,48.84,47.0,82697,48.32,48.54,48.84,47.0,82697.0,"Feb 14, 24",2.019999999999996,0.0434,ML
50.19,50.4366,48.41,49.05,2024-02-15,ML,137842.0,HISTORICAL_PRICES,ML,,2024-02-15,1708048817000,0.9163802978235966,0.9163802978235966,49.05,50.19,50.4366,48.41,137842,49.05,50.19,50.4366,48.41,137842.0,"Feb 15, 24",1.6499999999999986,0.034,ML
52.35,52.64,48.5,50.02,2024-02-16,ML,220341.0,HISTORICAL_PRICES,ML,,2024-02-16,1708137017000,0.9988545246277205,0.9988545246277205,50.02,52.35,52.64,48.5,220341,50.02,52.35,52.64,48.5,220341.0,"Feb 16, 24",2.1600000000000037,0.043,ML
51.13,52.64,50.41,52.64,2024-02-20,ML,65616.0,HISTORICAL_PRICES,ML,,2024-02-20,1708480818000,0.9522718594883544,0.9522718594883544,52.64,51.13,52.64,50.41,65616,52.64,51.13,52.64,50.41,65616.0,"Feb 20, 24",-1.2199999999999989,-0.0233,ML
46.67,50.67,46.1,50.4,2024-02-21,ML,134761.0,HISTORICAL_PRICES,ML,,2024-02-21,1708570836000,0.7819778541428025,0.7819778541428025,50.4,46.67,50.67,46.1,134761,50.4,46.67,50.67,46.1,134761.0,"Feb 21, 24",-4.460000000000001,-0.0872,ML
47.21,48.75,46.69,46.69,2024-02-22,ML,75326.0,HISTORICAL_PRICES,ML,,2024-02-22,1708653661000,0.8025964108438335,0.8025964108438335,46.69,47.21,48.75,46.69,75326,46.69,47.21,48.75,46.69,75326.0,"Feb 22, 24",0.5399999999999991,0.0116,ML
48.55,49.15,46.56,46.99,2024-02-23,ML,59832.0,HISTORICAL_PRICES,ML,,2024-02-23,1708741841000,0.8537609774723175,0.8537609774723175,46.99,48.55,49.15,46.56,59832,46.99,48.55,49.15,46.56,59832.0,"Feb 23, 24",1.3399999999999963,0.0284,ML
52.07,52.67,48.06,48.06,2024-02-26,ML,93567.0,HISTORICAL_PRICES,ML,,2024-02-26,1708999237000,0.9881634211531118,0.9881634211531118,48.06,52.07,52.67,48.06,93567,48.06,52.07,52.67,48.06,93567.0,"Feb 26, 24",3.520000000000003,0.0725,ML
52.16,53.0,50.9403,52.68,2024-02-27,ML,89867.0,HISTORICAL_PRICES,ML,,2024-02-27,1709089229000,0.9915998472699501,0.9915998472699501,52.68,52.16,53.0,50.9403,89867,52.68,52.16,53.0,50.9403,89867.0,"Feb 27, 24",0.0899999999999963,0.0017,ML
49.36,52.49,49.34,52.15,2024-02-28,ML,66976.0,HISTORICAL_PRICES,ML,,2024-02-28,1709172060000,0.884688812523864,0.884688812523864,52.15,49.36,52.49,49.34,66976,52.15,49.36,52.49,49.34,66976.0,"Feb 28, 24",-2.799999999999997,-0.0537,ML
50.04,51.3818,49.78,50.12,2024-02-29,ML,59222.0,HISTORICAL_PRICES,ML,,2024-02-29,1709258416000,0.9106529209621992,0.9106529209621992,50.12,50.04,51.3818,49.78,59222,50.12,50.04,51.3818,49.78,59222.0,"Feb 29, 24",0.6799999999999997,0.0138,ML
51.86,51.86,48.61,50.57,2024-03-01,ML,121219.0,HISTORICAL_PRICES,ML,,2024-03-01,1709350251000,0.9801450935471553,0.9801450935471553,50.57,51.86,51.86,48.61,121219,50.57,51.86,51.86,48.61,121219.0,"Mar 1, 24",1.8200000000000003,0.0364,ML
50.06,52.8238,49.0301,52.25,2024-03-04,ML,96727.0,HISTORICAL_PRICES,ML,,2024-03-04,1709604018000,0.9114165712103857,0.9114165712103857,52.25,50.06,52.8238,49.0301,96727,52.25,50.06,52.8238,49.0301,96727.0,"Mar 4, 24",-1.7999999999999972,-0.0347,ML
50.28,52.67,49.58,49.69,2024-03-05,ML,166085.0,HISTORICAL_PRICES,ML,,2024-03-05,1709692315000,0.9198167239404352,0.9198167239404352,49.69,50.28,52.67,49.58,166085,49.69,50.28,52.67,49.58,166085.0,"Mar 5, 24",0.21999999999999886,0.0044,ML
52.55,52.66,50.35,51.11,2024-03-06,ML,192143.0,HISTORICAL_PRICES,ML,,2024-03-06,1709776863000,1.0064910271095837,1.0064910271095837,51.11,52.55,52.66,50.35,192143,51.11,52.55,52.66,50.35,192143.0,"Mar 6, 24",2.269999999999996,0.0451,ML
67.36,70.8623,58.4101,59.46,2024-03-07,ML,764686.0,HISTORICAL_PRICES,ML,,2024-03-07,1709863302000,1.5719740358915617,1.5719740358915617,59.46,67.36,70.8623,58.4101,764686,59.46,67.36,70.8623,58.4101,764686.0,"Mar 7, 24",14.810000000000002,0.2818,ML
0.141,0.1458,0.1339,0.1434,2023-11-08,LYT,188658.0,HISTORICAL_PRICES,LYT,,2023-11-08,1699495227000,0.0,0.0,0.1434,0.141,0.1458,0.13385,188658,0.1434,0.141,0.1458,0.1339,188658.0,"Nov 8, 23",0.0,0.0,LYT
0.1317,0.145,0.1202,0.14,2023-11-09,LYT,443148.0,HISTORICAL_PRICES,LYT,,2023-11-09,1699581613000,-0.06595744680851047,-0.06595744680851047,0.14,0.1317,0.144999,0.1202,443148,0.14,0.1317,0.145,0.1202,443148.0,"Nov 9, 23",-0.009299999999999975,-0.066,LYT
0.134,0.146,0.1273,0.135,2023-11-10,LYT,160545.0,HISTORICAL_PRICES,LYT,,2023-11-10,1699669846000,-0.049645390070921835,-0.049645390070921835,0.135001,0.134,0.146,0.1273,160545,0.135,0.134,0.146,0.1273,160545.0,"Nov 10, 23",0.0022999999999999965,0.0175,LYT
0.1228,0.137,0.1116,0.125,2023-11-13,LYT,480034.0,HISTORICAL_PRICES,LYT,,2023-11-13,1699927222000,-0.12907801418439704,-0.12907801418439704,0.125,0.1228,0.137,0.1116,480034,0.125,0.1228,0.137,0.1116,480034.0,"Nov 13, 23",-0.011200000000000002,-0.0836,LYT
0.1271,0.1337,0.1201,0.125,2023-11-14,LYT,237800.0,HISTORICAL_PRICES,LYT,,2023-11-14,1700015437000,-0.09858156028368792,-0.09858156028368792,0.125,0.1271,0.1337,0.1201,237800,0.125,0.1271,0.1337,0.1201,237800.0,"Nov 14, 23",0.004299999999999984,0.035,LYT
0.131,0.135,0.1276,0.1306,2023-11-15,LYT,278384.0,HISTORICAL_PRICES,LYT,,2023-11-15,1700100022000,-0.0709219858156027,-0.0709219858156027,0.1306,0.131,0.135,0.1276,278384,0.1306,0.131,0.135,0.1276,278384.0,"Nov 15, 23",0.0039000000000000146,0.0307,LYT
0.1284,0.134,0.1206,0.134,2023-11-16,LYT,252336.0,HISTORICAL_PRICES,LYT,,2023-11-16,1700186445000,-0.08936170212765958,-0.08936170212765958,0.134,0.1284,0.134,0.1206,252336,0.134,0.1284,0.134,0.1206,252336.0,"Nov 16, 23",-0.002600000000000019,-0.0198,LYT
0.14,0.1414,0.125,0.1304,2023-11-17,LYT,343075.0,HISTORICAL_PRICES,LYT,,2023-11-17,1700274615000,-0.0070921985815600936,-0.0070921985815600936,0.1304,0.139999,0.1414,0.125,343075,0.1304,0.14,0.1414,0.125,343075.0,"Nov 17, 23",0.011600000000000027,0.0903,LYT
0.16,0.176,0.1419,0.1422,2023-11-20,LYT,751646.0,HISTORICAL_PRICES,LYT,,2023-11-20,1700532063000,0.13475177304964553,0.13475177304964553,0.1422,0.16,0.176,0.1419,751646,0.1422,0.16,0.176,0.1419,751646.0,"Nov 20, 23",0.01999999999999999,0.1429,LYT
0.1493,0.1597,0.11,0.1568,2023-11-21,LYT,331949.0,HISTORICAL_PRICES,LYT,,2023-11-21,1700618417000,0.05886524822695037,0.05886524822695037,0.1568,0.1493,0.1597,0.11,331949,0.1568,0.1493,0.1597,0.11,331949.0,"Nov 21, 23",-0.010700000000000015,-0.0669,LYT
0.143,0.1559,0.1353,0.1492,2023-11-22,LYT,188942.0,HISTORICAL_PRICES,LYT,,2023-11-22,1700704830000,0.014184397163120581,0.014184397163120581,0.1492,0.143,0.1559,0.13525,188942,0.1492,0.143,0.1559,0.1353,188942.0,"Nov 22, 23",-0.0063,-0.0422,LYT
0.137,0.155,0.136,0.1399,2023-11-24,LYT,232412.0,HISTORICAL_PRICES,LYT,,2023-11-24,1700879449000,-0.028368794326240968,-0.028368794326240968,0.1399,0.137,0.155,0.136,232412,0.1399,0.137,0.155,0.136,232412.0,"Nov 24, 23",-0.005999999999999978,-0.042,LYT
0.1358,0.138,0.1311,0.1366,2023-11-27,LYT,89409.0,HISTORICAL_PRICES,LYT,,2023-11-27,1701136832000,-0.036879432624113355,-0.036879432624113355,0.1366,0.1358,0.138,0.131134,89409,0.1366,0.1358,0.138,0.1311,89409.0,"Nov 27, 23",-0.0012000000000000066,-0.0088,LYT
0.1355,0.145,0.1306,0.1306,2023-11-28,LYT,252960.0,HISTORICAL_PRICES,LYT,,2023-11-28,1701223256000,-0.0390070921985814,-0.0390070921985814,0.1306,0.1355,0.145,0.1306,252960,0.1306,0.1355,0.145,0.1306,252960.0,"Nov 28, 23",-0.0002999999999999947,-0.0022,LYT
0.138,0.145,0.1345,0.1386,2023-11-29,LYT,199995.0,HISTORICAL_PRICES,LYT,,2023-11-29,1701309629000,-0.021276595744680674,-0.021276595744680674,0.1386,0.138,0.144999,0.1345,199995,0.1386,0.138,0.145,0.1345,199995.0,"Nov 29, 23",0.0025000000000000022,0.0185,LYT
0.1455,0.156,0.1351,0.1351,2023-11-30,LYT,624125.0,HISTORICAL_PRICES,LYT,,2023-11-30,1701396066000,0.03191489361702131,0.03191489361702131,0.1351,0.1455,0.156,0.1351,624125,0.1351,0.1455,0.156,0.1351,624125.0,"Nov 30, 23",0.007499999999999979,0.0543,LYT
0.141,0.1487,0.1396,0.143,2023-12-01,LYT,404128.0,HISTORICAL_PRICES,LYT,,2023-12-01,1701484283000,0.0,0.0,0.143,0.141,0.1487,0.1396,404128,0.143,0.141,0.1487,0.1396,404128.0,"Dec 1, 23",-0.004500000000000004,-0.0309,LYT
0.1475,0.1489,0.1427,0.1449,2023-12-04,LYT,129730.0,HISTORICAL_PRICES,LYT,,2023-12-04,1701743464000,0.04609929078014189,0.04609929078014189,0.1449,0.1475,0.148899,0.1427,129730,0.1449,0.1475,0.1489,0.1427,129730.0,"Dec 4, 23",0.006500000000000006,0.0461,LYT
0.1589,0.166,0.1462,0.149,2023-12-05,LYT,714419.0,HISTORICAL_PRICES,LYT,,2023-12-05,1701828042000,0.1269503546099293,0.1269503546099293,0.149,0.1589,0.165999,0.14615,714419,0.149,0.1589,0.166,0.1462,714419.0,"Dec 5, 23",0.011400000000000021,0.0773,LYT
0.1432,0.1545,0.1431,0.152,2023-12-06,LYT,206801.0,HISTORICAL_PRICES,LYT,,2023-12-06,1701916219000,0.01560283687943268,0.01560283687943268,0.152,0.1432,0.1545,0.1431,206801,0.152,0.1432,0.1545,0.1431,206801.0,"Dec 6, 23",-0.01570000000000002,-0.0988,LYT
0.144,0.1525,0.139,0.1412,2023-12-07,LYT,356523.0,HISTORICAL_PRICES,LYT,,2023-12-07,1702000833000,0.02127659574468087,0.02127659574468087,0.1412,0.144,0.1525,0.139,356523,0.1412,0.144,0.1525,0.139,356523.0,"Dec 7, 23",0.0007999999999999952,0.0056,LYT
0.1475,0.1498,0.14,0.149,2023-12-08,LYT,139025.0,HISTORICAL_PRICES,LYT,,2023-12-08,1702089059000,0.04609929078014189,0.04609929078014189,0.149,0.1475,0.1498,0.14,139025,0.149,0.1475,0.1498,0.14,139025.0,"Dec 8, 23",0.003500000000000003,0.0243,LYT
0.1401,0.148,0.13,0.148,2023-12-11,LYT,122201.0,HISTORICAL_PRICES,LYT,,2023-12-11,1702346443000,-0.006382978723404143,-0.006382978723404143,0.148,0.1401,0.148,0.13,122201,0.148,0.1401,0.148,0.13,122201.0,"Dec 11, 23",-0.00739999999999999,-0.0502,LYT
0.1349,0.1438,0.1348,0.1438,2023-12-12,LYT,59342.0,HISTORICAL_PRICES,LYT,,2023-12-12,1702432848000,-0.043262411347517696,-0.043262411347517696,0.1438,0.1349,0.1438,0.1348,59342,0.1438,0.1349,0.1438,0.1348,59342.0,"Dec 12, 23",-0.00520000000000001,-0.0371,LYT
0.1283,0.1375,0.1186,0.13,2023-12-13,LYT,183314.0,HISTORICAL_PRICES,LYT,,2023-12-13,1702519237000,-0.09007092198581554,-0.09007092198581554,0.13,0.1283,0.1375,0.1186,183314,0.13,0.1283,0.1375,0.1186,183314.0,"Dec 13, 23",-0.006599999999999995,-0.0489,LYT
0.1287,0.1399,0.1202,0.128,2023-12-14,LYT,242566.0,HISTORICAL_PRICES,LYT,,2023-12-14,1702605667000,-0.08723404255319134,-0.08723404255319134,0.128,0.1287,0.1399,0.120193,242566,0.128,0.1287,0.1399,0.1202,242566.0,"Dec 14, 23",0.00040000000000001146,0.0031,LYT
0.1215,0.129,0.1111,0.129,2023-12-15,LYT,364093.0,HISTORICAL_PRICES,LYT,,2023-12-15,1702693878000,-0.13829787234042548,-0.13829787234042548,0.129,0.1215,0.129,0.1111,364093,0.129,0.1215,0.129,0.1111,364093.0,"Dec 15, 23",-0.007200000000000012,-0.0559,LYT
0.1158,0.1339,0.1111,0.1256,2023-12-18,LYT,421057.0,HISTORICAL_PRICES,LYT,,2023-12-18,1702951268000,-0.17872340425531907,-0.17872340425531907,0.1256,0.1158,0.1339,0.1111,421057,0.1256,0.1158,0.1339,0.1111,421057.0,"Dec 18, 23",-0.005699999999999997,-0.0469,LYT
0.1186,0.12,0.109,0.1186,2023-12-19,LYT,419972.0,HISTORICAL_PRICES,LYT,,2023-12-19,1703050229000,-0.1588652482269503,-0.1588652482269503,0.1186,0.1186,0.12,0.109,419972,0.1186,0.1186,0.12,0.109,419972.0,"Dec 19, 23",0.002799999999999997,0.0242,LYT
0.105,0.1175,0.1041,0.1047,2023-12-20,LYT,233738.0,HISTORICAL_PRICES,LYT,,2023-12-20,1703124062000,-0.2553191489361702,-0.2553191489361702,0.1047,0.105,0.1175,0.1041,233738,0.1047,0.105,0.1175,0.1041,233738.0,"Dec 20, 23",-0.013600000000000001,-0.1147,LYT
0.1145,0.1162,0.1041,0.1102,2023-12-21,LYT,558230.0,HISTORICAL_PRICES,LYT,,2023-12-21,1703210454000,-0.1879432624113474,-0.1879432624113474,0.1102,0.1145,0.1162,0.1041,558230,0.1102,0.1145,0.1162,0.1041,558230.0,"Dec 21, 23",0.009500000000000008,0.0905,LYT
0.112,0.12,0.1052,0.12,2023-12-22,LYT,343124.0,HISTORICAL_PRICES,LYT,,2023-12-22,1703305896000,-0.20567375886524814,-0.20567375886524814,0.12,0.112,0.12,0.1052,343124,0.12,0.112,0.12,0.1052,343124.0,"Dec 22, 23",-0.0025000000000000022,-0.0218,LYT
0.1115,0.1174,0.1066,0.1174,2023-12-26,LYT,186574.0,HISTORICAL_PRICES,LYT,,2023-12-26,1703642478000,-0.20921985815602828,-0.20921985815602828,0.1174,0.1115,0.1174,0.1066,186574,0.1174,0.1115,0.1174,0.1066,186574.0,"Dec 26, 23",-0.0005000000000000004,-0.0045,LYT
0.1105,0.1122,0.1025,0.11,2023-12-27,LYT,231880.0,HISTORICAL_PRICES,LYT,,2023-12-27,1703732431000,-0.21631205673758858,-0.21631205673758858,0.11,0.1105,0.1122,0.1025,231880,0.11,0.1105,0.1122,0.1025,231880.0,"Dec 27, 23",-0.0010000000000000009,-0.009,LYT
0.119,0.12,0.1081,0.1124,2023-12-28,LYT,291279.0,HISTORICAL_PRICES,LYT,,2023-12-28,1703815236000,-0.1560283687943262,-0.1560283687943262,0.1124,0.119,0.12,0.1081,291279,0.1124,0.119,0.12,0.1081,291279.0,"Dec 28, 23",0.008499999999999994,0.0769,LYT
0.111,0.1185,0.107,0.1185,2023-12-29,LYT,233719.0,HISTORICAL_PRICES,LYT,,2023-12-29,1703903480000,-0.21276595744680843,-0.21276595744680843,0.1185,0.111,0.1185,0.107,233719,0.1185,0.111,0.1185,0.107,233719.0,"Dec 29, 23",-0.007999999999999993,-0.0672,LYT
0.1169,0.12,0.1082,0.111,2024-01-02,LYT,251536.0,HISTORICAL_PRICES,LYT,,2024-01-02,1704247269000,-0.17092198581560272,-0.17092198581560272,0.111,0.1169,0.12,0.1082,251536,0.111,0.1169,0.12,0.1082,251536.0,"Jan 2, 24",0.0059000000000000025,0.0532,LYT
0.1182,0.122,0.105,0.116,2024-01-03,LYT,584510.0,HISTORICAL_PRICES,LYT,,2024-01-03,1704333640000,-0.1617021276595744,-0.1617021276595744,0.116,0.1182,0.122,0.105,584510,0.116,0.1182,0.122,0.105,584510.0,"Jan 3, 24",0.0012999999999999956,0.0111,LYT
0.1148,0.1158,0.107,0.1147,2024-01-04,LYT,567636.0,HISTORICAL_PRICES,LYT,,2024-01-04,1704420060000,-0.18581560283687937,-0.18581560283687937,0.1147,0.1148,0.1158,0.107,567636,0.1147,0.1148,0.1158,0.107,567636.0,"Jan 4, 24",-0.0034000000000000002,-0.0288,LYT
0.1074,0.1121,0.101,0.1112,2024-01-05,LYT,183690.0,HISTORICAL_PRICES,LYT,,2024-01-05,1704511863000,-0.2382978723404255,-0.2382978723404255,0.1112,0.1074,0.1121,0.101,183690,0.1112,0.1074,0.1121,0.101,183690.0,"Jan 5, 24",-0.007400000000000004,-0.0645,LYT
0.1046,0.1156,0.101,0.1077,2024-01-08,LYT,212800.0,HISTORICAL_PRICES,LYT,,2024-01-08,1704765677000,-0.25815602836879425,-0.25815602836879425,0.1077,0.1046,0.1156,0.101,212800,0.1077,0.1046,0.1156,0.101,212800.0,"Jan 8, 24",-0.002799999999999997,-0.0261,LYT
0.1013,0.1093,0.1001,0.1035,2024-01-09,LYT,182920.0,HISTORICAL_PRICES,LYT,,2024-01-09,1704852074000,-0.28156028368794317,-0.28156028368794317,0.1035,0.1013,0.1093,0.1001,182920,0.1035,0.1013,0.1093,0.1001,182920.0,"Jan 9, 24",-0.0032999999999999974,-0.0315,LYT
0.109,0.1123,0.0957,0.1045,2024-01-10,LYT,482248.0,HISTORICAL_PRICES,LYT,,2024-01-10,1704938442000,-0.22695035460992902,-0.22695035460992902,0.1045,0.109,0.1123,0.0957,482248,0.1045,0.109,0.1123,0.0957,482248.0,"Jan 10, 24",0.0076999999999999985,0.076,LYT
0.0999,0.1098,0.096,0.1057,2024-01-11,LYT,258066.0,HISTORICAL_PRICES,LYT,,2024-01-11,1705024848000,-0.2914893617021276,-0.2914893617021276,0.1057,0.0999,0.1098,0.096,258066,0.1057,0.0999,0.1098,0.096,258066.0,"Jan 11, 24",-0.009099999999999997,-0.0835,LYT
0.1002,0.1024,0.093,0.1,2024-01-12,LYT,292711.0,HISTORICAL_PRICES,LYT,,2024-01-12,1705113051000,-0.28936170212765955,-0.28936170212765955,0.1,0.1002,0.1024,0.093,292711,0.1,0.1002,0.1024,0.093,292711.0,"Jan 12, 24",0.0002999999999999947,0.003,LYT
0.0992,0.1068,0.098,0.102,2024-01-16,LYT,391020.0,HISTORICAL_PRICES,LYT,,2024-01-16,1705456899000,-0.29645390070921984,-0.29645390070921984,0.102,0.0992,0.1068,0.098,391020,0.102,0.0992,0.1068,0.098,391020.0,"Jan 16, 24",-0.0010000000000000009,-0.01,LYT
0.0946,0.144,0.0887,0.099,2024-01-17,LYT,6612158.0,HISTORICAL_PRICES,LYT,,2024-01-17,1705543253000,-0.3290780141843971,-0.3290780141843971,0.099,0.0946,0.144,0.0887,6612158,0.099,0.0946,0.144,0.0887,6612158.0,"Jan 17, 24",-0.004599999999999993,-0.0464,LYT
0.12,0.223,0.115,0.1948,2024-01-18,LYT,219877668.0,HISTORICAL_PRICES,LYT,,2024-01-18,1705629624000,-0.1489361702127659,-0.1489361702127659,0.1948,0.12,0.223,0.115,219877668,0.1948,0.12,0.223,0.115,219877668.0,"Jan 18, 24",0.025399999999999992,0.2685,LYT
0.1026,0.1118,0.0951,0.1118,2024-01-19,LYT,13159429.0,HISTORICAL_PRICES,LYT,,2024-01-19,1705717865000,-0.27234042553191484,-0.27234042553191484,0.1118,0.1026,0.1118,0.0951,13159429,0.1118,0.1026,0.1118,0.0951,13159429.0,"Jan 19, 24",-0.0174,-0.145,LYT
0.1102,0.15,0.107,0.1285,2024-01-22,LYT,77053905.0,HISTORICAL_PRICES,LYT,,2024-01-22,1705980764000,-0.2184397163120566,-0.2184397163120566,0.1285,0.1102,0.15,0.107,77053905,0.1285,0.1102,0.15,0.107,77053905.0,"Jan 22, 24",0.0076000000000000095,0.0741,LYT
0.1008,0.116,0.099,0.1137,2024-01-23,LYT,20676737.0,HISTORICAL_PRICES,LYT,,2024-01-23,1706065268000,-0.2851063829787233,-0.2851063829787233,0.1137,0.1008,0.116,0.099,20676737,0.1137,0.1008,0.116,0.099,20676737.0,"Jan 23, 24",-0.009400000000000006,-0.0853,LYT
0.099,0.1075,0.091,0.097,2024-01-24,LYT,14049591.0,HISTORICAL_PRICES,LYT,,2024-01-24,1706202014000,-0.2978723404255318,-0.2978723404255318,0.097,0.099,0.1075,0.091,14049591,0.097,0.099,0.1075,0.091,14049591.0,"Jan 24, 24",-0.001799999999999996,-0.0179,LYT
0.099,0.104,0.0911,0.092,2024-01-25,LYT,11465659.0,HISTORICAL_PRICES,LYT,,2024-01-25,1706234456000,-0.2978723404255318,-0.2978723404255318,0.092,0.099,0.104,0.0911,11465659,0.092,0.099,0.104,0.0911,11465659.0,"Jan 25, 24",0.0,0.0,LYT
0.096,0.102,0.091,0.0945,2024-01-26,LYT,5457028.0,HISTORICAL_PRICES,LYT,,2024-01-26,1706322634000,-0.31914893617021267,-0.31914893617021267,0.0945,0.096,0.102,0.091,5457028,0.0945,0.096,0.102,0.091,5457028.0,"Jan 26, 24",-0.0030000000000000027,-0.0303,LYT
0.0866,0.0986,0.0823,0.0955,2024-01-29,LYT,5870368.0,HISTORICAL_PRICES,LYT,,2024-01-29,1706580042000,-0.3858156028368794,-0.3858156028368794,0.0955,0.0866,0.0986,0.0823,5870368,0.0955,0.0866,0.0986,0.0823,5870368.0,"Jan 29, 24",-0.009400000000000006,-0.0979,LYT
0.0805,0.0843,0.0771,0.084,2024-01-30,LYT,17206527.0,HISTORICAL_PRICES,LYT,,2024-01-30,1706666641000,-0.4290780141843971,-0.4290780141843971,0.084,0.0805,0.0843,0.0771,17206527,0.084,0.0805,0.0843,0.0771,17206527.0,"Jan 30, 24",-0.006099999999999994,-0.0704,LYT
0.102,0.142,0.096,0.1228,2024-01-31,LYT,104200418.0,HISTORICAL_PRICES,LYT,,2024-01-31,1706894134000,-0.276595744680851,-0.276595744680851,0.1228,0.102,0.142,0.096,104200418,0.1228,0.102,0.142,0.096,104200418.0,"Jan 31, 24",0.02149999999999999,0.2671,LYT
0.1,0.1,0.0866,0.0955,2024-02-01,LYT,11900312.0,HISTORICAL_PRICES,LYT,,2024-02-01,1706894134000,-0.29078014184397155,-0.29078014184397155,0.0955,0.1,0.1,0.0866,11900312,0.0955,0.1,0.1,0.0866,11900312.0,"Feb 1, 24",-0.001999999999999988,-0.0196,LYT
0.0919,0.099,0.0918,0.0943,2024-02-02,LYT,4648752.0,HISTORICAL_PRICES,LYT,,2024-02-02,1706927465000,-0.3482269503546099,-0.3482269503546099,0.0943,0.0919,0.099,0.0918,4648752,0.0943,0.0919,0.099,0.0918,4648752.0,"Feb 2, 24",-0.00810000000000001,-0.081,LYT
0.0846,0.0904,0.0811,0.0903,2024-02-05,LYT,3771381.0,HISTORICAL_PRICES,LYT,,2024-02-05,1707186785000,-0.39999999999999997,-0.39999999999999997,0.0903,0.0846,0.0904,0.0811,3771381,0.0903,0.0846,0.0904,0.0811,3771381.0,"Feb 5, 24",-0.007300000000000001,-0.0794,LYT
0.0814,0.0827,0.0777,0.08,2024-02-06,LYT,3670284.0,HISTORICAL_PRICES,LYT,,2024-02-06,1707271247000,-0.42269503546099285,-0.42269503546099285,0.08,0.0814,0.0827,0.0777,3670284,0.08,0.0814,0.0827,0.0777,3670284.0,"Feb 6, 24",-0.0031999999999999945,-0.0378,LYT
0.0773,0.081,0.0753,0.0782,2024-02-07,LYT,2688369.0,HISTORICAL_PRICES,LYT,,2024-02-07,1707359449000,-0.45177304964539006,-0.45177304964539006,0.0782,0.0773,0.081,0.0753,2688369,0.0782,0.0773,0.081,0.0753,2688369.0,"Feb 7, 24",-0.004100000000000006,-0.0504,LYT
0.0839,0.087,0.0702,0.0758,2024-02-08,LYT,6582043.0,HISTORICAL_PRICES,LYT,,2024-02-08,1707444041000,-0.4049645390070921,-0.4049645390070921,0.0758,0.0839,0.087,0.0702,6582043,0.0758,0.0839,0.087,0.0702,6582043.0,"Feb 8, 24",0.006600000000000009,0.0854,LYT
0.078,0.0871,0.0757,0.0871,2024-02-09,LYT,2151760.0,HISTORICAL_PRICES,LYT,,2024-02-09,1707532243000,-0.4468085106382978,-0.4468085106382978,0.0871,0.078,0.0871,0.0757,2151760,0.0871,0.078,0.0871,0.0757,2151760.0,"Feb 9, 24",-0.0059000000000000025,-0.0703,LYT
0.0773,0.0788,0.072,0.078,2024-02-12,LYT,2867136.0,HISTORICAL_PRICES,LYT,,2024-02-12,1707789647000,-0.45177304964539006,-0.45177304964539006,0.078,0.0773,0.0788,0.072,2867136,0.078,0.0773,0.0788,0.072,2867136.0,"Feb 12, 24",-0.0007000000000000062,-0.009,LYT
0.0756,0.0777,0.0732,0.0777,2024-02-13,LYT,2251795.0,HISTORICAL_PRICES,LYT,,2024-02-13,1707876028000,-0.4638297872340425,-0.4638297872340425,0.0777,0.0756,0.0777,0.0732,2251795,0.0777,0.0756,0.0777,0.0732,2251795.0,"Feb 13, 24",-0.0016999999999999932,-0.022,LYT
0.076,0.0766,0.0716,0.074,2024-02-14,LYT,2496850.0,HISTORICAL_PRICES,LYT,,2024-02-14,1707962488000,-0.4609929078014184,-0.4609929078014184,0.074,0.076,0.0766,0.0716,2496850,0.074,0.076,0.0766,0.0716,2496850.0,"Feb 14, 24",0.0003999999999999976,0.0053,LYT
0.0676,0.0735,0.0658,0.071,2024-02-15,LYT,6421390.0,HISTORICAL_PRICES,LYT,,2024-02-15,1708048849000,-0.5205673758865248,-0.5205673758865248,0.071,0.0676,0.0735,0.0658,6421390,0.071,0.0676,0.0735,0.0658,6421390.0,"Feb 15, 24",-0.008400000000000005,-0.1105,LYT
0.0666,0.07,0.0614,0.07,2024-02-16,LYT,4413137.0,HISTORICAL_PRICES,LYT,,2024-02-16,1708137084000,-0.527659574468085,-0.527659574468085,0.07,0.0666,0.07,0.0614,4413137,0.07,0.0666,0.07,0.0614,4413137.0,"Feb 16, 24",-0.000999999999999987,-0.0148,LYT
0.0685,0.072,0.0655,0.067,2024-02-20,LYT,3774013.0,HISTORICAL_PRICES,LYT,,2024-02-20,1708480843000,-0.5141843971631205,-0.5141843971631205,0.067,0.0685,0.072,0.0655,3774013,0.067,0.0685,0.072,0.0655,3774013.0,"Feb 20, 24",0.001899999999999999,0.0285,LYT
3.222,4.26,2.94,4.17,2024-02-21,LYT,163801.93333333338,HISTORICAL_PRICES,LYT,,2024-02-21,1708727416000,21.851063829787236,21.851063829787236,0.0695,0.0537,0.071,0.049,9828116,4.17,3.222,4.26,2.94,163801.93333333338,"Feb 21, 24",3.1535,46.0365,LYT
2.934,3.0,2.73,2.988,2024-02-22,LYT,160227.90000000005,HISTORICAL_PRICES,LYT,,2024-02-22,1708813823000,19.808510638297875,19.808510638297875,0.0498,0.0489,0.05,0.0455,9613674,2.988,2.934,3.0,2.73,160227.90000000005,"Feb 22, 24",-0.2879999999999998,-0.0894,LYT
3.35,3.62,2.75,3.26,2024-02-23,LYT,636343.0,HISTORICAL_PRICES,LYT,,2024-02-23,1708900213000,22.758865248226954,22.758865248226954,3.26,3.35,3.62,2.75,636343,3.26,3.35,3.62,2.75,636343.0,"Feb 23, 24",0.4159999999999999,0.1418,LYT
2.95,3.26,2.8001,3.13,2024-02-26,LYT,240041.0,HISTORICAL_PRICES,LYT,,2024-02-26,1708999274000,19.92198581560284,19.92198581560284,3.13,2.95,3.26,2.8001,240041,3.13,2.95,3.26,2.8001,240041.0,"Feb 26, 24",-0.3999999999999999,-0.1194,LYT
2.77,2.95,2.65,2.93,2024-02-27,LYT,115822.0,HISTORICAL_PRICES,LYT,,2024-02-27,1709089269000,18.645390070921987,18.645390070921987,2.93,2.77,2.95,2.65,115822,2.93,2.77,2.95,2.65,115822.0,"Feb 27, 24",-0.18000000000000016,-0.061,LYT
2.69,2.72,2.51,2.72,2024-02-28,LYT,77593.0,HISTORICAL_PRICES,LYT,,2024-02-28,1709172035000,18.078014184397166,18.078014184397166,2.72,2.69,2.72,2.51,77593,2.72,2.69,2.72,2.51,77593.0,"Feb 28, 24",-0.08000000000000007,-0.0289,LYT
2.66,2.7599,2.6,2.65,2024-02-29,LYT,53493.0,HISTORICAL_PRICES,LYT,,2024-02-29,1709258432000,17.865248226950357,17.865248226950357,2.65,2.66,2.7599,2.6,53493,2.65,2.66,2.7599,2.6,53493.0,"Feb 29, 24",-0.029999999999999805,-0.0112,LYT
3.1,3.66,2.5611,2.69,2024-03-01,LYT,973024.0,HISTORICAL_PRICES,LYT,,2024-03-01,1709350226000,20.985815602836883,20.985815602836883,2.69,3.1,3.66,2.5611,973024,2.69,3.1,3.66,2.5611,973024.0,"Mar 1, 24",0.43999999999999995,0.1654,LYT
2.625,3.07,2.61,2.94,2024-03-04,LYT,109899.0,HISTORICAL_PRICES,LYT,,2024-03-04,1709604060000,17.617021276595747,17.617021276595747,2.94,2.625,3.07,2.61,109899,2.94,2.625,3.07,2.61,109899.0,"Mar 4, 24",-0.4750000000000001,-0.1532,LYT
2.43,2.63,2.22,2.44,2024-03-05,LYT,113900.0,HISTORICAL_PRICES,LYT,,2024-03-05,1709692307000,16.234042553191493,16.234042553191493,2.44,2.43,2.63,2.22,113900,2.44,2.43,2.63,2.22,113900.0,"Mar 5, 24",-0.19499999999999984,-0.0743,LYT
2.31,2.5,2.26,2.37,2024-03-06,LYT,4434724.0,HISTORICAL_PRICES,LYT,,2024-03-06,1709776870000,15.382978723404257,15.382978723404257,2.37,2.31,2.5,2.26,4434724,2.37,2.31,2.5,2.26,4434724.0,"Mar 6, 24",-0.1200000000000001,-0.0494,LYT
8.7,18.6216,8.05,9.516,2024-03-07,LYT,75316515.0,HISTORICAL_PRICES,LYT,,2024-03-07,1709863229000,60.70212765957447,60.70212765957447,9.516,8.7,18.6216,8.05,75316515,9.516,8.7,18.6216,8.05,75316515.0,"Mar 7, 24",6.389999999999999,2.7662,LYT
