date,symbol,close,high,low,open,volume
2023-10-16,CHKP,136.46,137.34,134.62,134.62,1158362
2023-10-17,EXP,167.0,168.19,165.79,165.79,350314
2023-10-17,CAMT,59.55,61.8,57.23,58.76,441609
2023-10-17,CHKP,135.49,136.59,134.96,135.69,1266250
2023-10-17,NGVC,13.06,13.39,13.01,13.01,18263
2023-10-17,KALU,69.99,70.37,65.8313,67.08,77983
2023-10-17,CHK,89.59,91.0,87.07,89.09,4885419
2023-10-17,GRMN,106.83,107.975,105.93,106.96,564354
2023-10-17,PLSE,4.42,4.6247,4.2599,4.29,87878
2023-10-17,LOGI,72.17,72.37,70.9,70.97,486777
2023-10-18,NUKK,0.11,0.125,0.07,0.07,8287
2023-10-18,NGVC,13.02,13.18,12.8826,13.18,16764
2023-10-18,GRMN,105.06,106.16,105.02,105.96,521235
2023-10-18,PLSE,4.13,4.49,4.09,4.49,79625
2023-10-18,LOGI,70.79,71.34,70.5459,70.87,420886
2023-10-18,CHK,89.37,89.88,88.0,89.88,2238066
2023-10-18,CHKP,137.39,137.65,134.84,135.62,1036783
2023-10-18,KALU,67.35,69.59,67.3,69.59,54955
2023-10-18,EXP,159.31,164.89,159.24,164.89,246106
2023-10-18,CAMT,58.4,60.03,57.21,58.03,292726
2023-10-19,LOGI,70.32,71.18,70.04,70.75,712922
2023-10-19,GRMN,104.33,105.76,104.18,105.0,500006
2023-10-19,CHKP,135.5,138.64,135.435,138.02,864700
2023-10-19,EXP,157.36,161.33,156.76,159.4,377499
2023-10-19,NGVC,12.82,12.99,12.79,12.99,8654
2023-10-19,PLSE,3.97,4.19,3.97,4.15,78371
2023-10-19,NUKK,0.125,0.125,0.11,0.11,10110
2023-10-19,KALU,66.55,69.81,66.52,67.32,75213
2023-10-19,CHK,88.77,89.97,88.1301,88.81,1831828
2023-10-19,CAMT,54.52,58.57,54.07,58.51,895221
2023-10-20,CAMT,52.22,54.3,48.5,54.28,1616708
2023-10-20,GRMN,103.28,104.63,102.7,104.63,595442
2023-10-20,NGVC,12.96,13.08,12.7348,12.92,29751
2023-10-20,KALU,64.23,66.66,63.995,66.64,86297
2023-10-20,LOGI,69.17,70.29,68.805,70.29,1023356
2023-10-20,CHKP,134.65,136.03,134.09,135.36,843675
2023-10-20,EXP,155.03,158.285,154.05,157.65,539158
2023-10-20,PLSE,4.03,4.27,3.98,3.98,124012
2023-10-20,CHK,88.02,88.88,87.61,88.83,954877
2023-10-23,PLSE,3.96,4.17,3.93,3.98,62131
2023-10-23,GRMN,101.98,103.15,101.91,102.95,647040
2023-10-23,CHKP,132.43,134.4,132.02,134.34,680139
2023-10-23,NGVC,12.52,12.88,12.465,12.64,35427
2023-10-23,CAMT,50.72,52.345,50.56,51.77,829293
2023-10-23,LOGI,68.35,70.12,67.8156,68.11,1039662
2023-10-23,CHK,86.85,87.61,86.25,87.18,1679077
2023-10-23,KALU,63.46,64.96,63.44,64.12,72483
2023-10-23,NUKK,0.125,0.1252,0.125,0.125,11659
2023-10-23,EXP,154.34,157.96,153.89,153.89,490817
2023-10-24,KALU,64.3,64.75,62.64,62.64,114868
2023-10-24,NUKK,0.16,0.16,0.16,0.16,2962
2023-10-24,GRMN,102.34,102.87,101.61,102.38,704504
2023-10-24,NGVC,12.38,12.71,12.28,12.71,31865
2023-10-24,EXP,155.62,157.155,154.77,156.12,252407
2023-10-24,CAMT,52.86,53.18,51.34,51.46,487414
2023-10-24,CHK,86.93,87.75,86.17,87.73,1054422
2023-10-24,PLSE,4.07,4.0982,3.93,3.94,54577
2023-10-24,LOGI,77.16,77.32,74.0,75.46,2301272
2023-10-24,CHKP,136.28,136.34,133.34,133.68,688020
2023-10-25,CHK,86.65,87.29,85.25,87.13,1787322
2023-10-25,EXP,152.11,154.68,151.795,154.1,392245
2023-10-25,LOGI,76.76,78.2,76.34,77.74,1042509
2023-10-25,KALU,62.65,63.58,61.97,63.5,127445
2023-10-25,NUKK,0.111,0.16,0.1021,0.16,9150
2023-10-25,NGVC,12.42,12.48,12.26,12.26,17977
2023-10-25,PLSE,3.99,4.12,3.96,4.09,67140
2023-10-25,CAMT,51.23,53.75,50.95,52.23,395383
2023-10-25,GRMN,101.74,102.37,101.28,101.92,632838
2023-10-25,CHKP,133.6,136.005,133.55,135.87,668238
2023-10-26,CHKP,132.48,134.01,132.46,133.32,977940
2023-10-26,EXP,147.65,150.79,146.41,150.79,481420
2023-10-26,LOGI,76.51,77.01,75.49,76.58,814511
2023-10-26,CHK,87.08,87.61,84.25,85.47,1167453
2023-10-26,CAMT,50.81,52.7,50.35,51.54,218586
2023-10-26,KALU,57.87,62.595,57.78,60.51,145495
2023-10-26,PLSE,3.85,4.01,3.78,4.01,109097
2023-10-26,GRMN,100.86,102.33,100.81,101.72,776763
2023-10-26,ENCP,11.2,11.2,11.2,11.2,428
2023-10-26,NGVC,12.46,12.55,12.2,12.33,14743
2023-10-26,NUKK,0.16,0.16,0.1022,0.1022,2574
2023-10-27,PLSE,4.17,4.19,3.82,3.93,93459
2023-10-27,CHK,85.79,87.49,84.985,86.85,1048907
2023-10-27,CAMT,50.04,51.705,49.74,51.5,379915
2023-10-27,KALU,54.28,58.02,53.665,57.72,204629
2023-10-27,EXP,147.75,149.51,145.03,148.44,382607
2023-10-27,GRMN,99.71,101.25,99.61,100.68,603624
2023-10-27,NGVC,12.35,12.5,12.18,12.29,18265
2023-10-27,LOGI,77.01,78.05,76.81,77.66,429166
2023-10-27,CHKP,131.84,132.45,131.05,131.91,1578838
2023-10-30,LOGI,77.64,78.12,77.39,77.5,297700
2023-10-30,NUKK,0.103,0.116,0.103,0.116,3462
2023-10-30,EXP,153.0,153.672,148.195,148.74,414821
2023-10-30,PLSE,4.41,4.688,4.22,4.22,100618
2023-10-30,NGVC,12.08,12.41,11.93,12.0,58358
2023-10-30,CHKP,129.45,132.4,126.57,132.0,2368723
2023-10-30,CHK,85.6,85.9,84.46,85.29,1337850
2023-10-30,KALU,56.49,56.62,54.24,55.51,152111
2023-10-30,GRMN,101.28,101.68,99.99,100.45,856729
2023-10-30,CAMT,50.59,51.69,49.64,51.39,323859
2023-10-31,CHKP,134.25,134.49,129.125,129.39,1266126
2023-10-31,PLSE,4.52,4.56,4.29,4.48,122299
2023-10-31,CAMT,52.6,52.81,49.71,50.92,556594
2023-10-31,EXP,153.91,154.72,152.59,152.59,306014
2023-10-31,GRMN,102.53,102.81,101.49,101.49,833396
2023-10-31,LOGI,78.63,78.84,78.001,78.31,614849
2023-10-31,NUKK,0.149,0.149,0.104,0.11,7343
2023-10-31,CHK,86.08,86.75,85.47,86.32,1509300
2023-10-31,KALU,56.8,59.2,55.65,56.51,94906
2023-10-31,NGVC,12.57,12.6,12.08,12.08,23496
2023-11-01,EXP,158.68,159.07,153.66,154.11,285683
2023-11-01,NGVC,12.64,12.79,12.5033,12.57,22399
2023-11-01,CAMT,53.4,54.74,51.9,54.62,357939
2023-11-01,KALU,56.44,56.82,54.28,56.82,98933
2023-11-01,NUKK,0.1064,0.1064,0.1064,0.1064,250
2023-11-01,CHKP,136.26,137.76,134.265,134.98,1002541
2023-11-01,PLSE,4.38,4.64,4.24,4.51,167426
2023-11-01,GRMN,113.53,115.32,106.495,106.68,2697488
2023-11-01,LOGI,79.03,79.54,78.31,78.79,635308
2023-11-01,CHK,86.91,88.75,84.29,88.0,2232981
2023-11-02,PLSE,4.49,4.6699,4.35,4.3922,100041
2023-11-02,GRMN,114.45,114.79,112.01,114.46,1163681
2023-11-02,CHK,88.7,88.95,86.65,86.91,1615373
2023-11-02,KALU,58.22,58.355,56.32,57.78,81121
2023-11-02,CAMT,55.0,56.11,54.44,55.57,480988
2023-11-02,NUKK,0.11,0.11,0.11,0.11,10351
2023-11-02,CHKP,136.58,136.72,134.72,135.98,701756
2023-11-02,LOGI,79.8,79.9,79.33,79.79,431596
2023-11-02,NGVC,13.04,13.11,12.5112,12.79,22429
2023-11-02,EXP,161.42,163.49,161.05,161.68,396335
2023-11-02,ENCP,11.05,11.05,11.05,11.05,474
2023-11-03,CHK,89.36,89.95,88.64,89.17,1617651
2023-11-03,LOGI,79.36,80.15,79.16,79.88,467991
2023-11-03,GRMN,115.61,116.46,114.93,114.99,750480
2023-11-03,EXP,165.08,166.05,163.035,163.92,264687
2023-11-03,NUKK,0.149,0.149,0.149,0.149,500
2023-11-03,CAMT,56.47,57.33,54.91,54.91,315741
2023-11-03,ENCP,11.2741,11.3,11.2741,11.3,2625
2023-11-03,NGVC,13.15,13.23,13.04,13.23,18302
2023-11-03,PLSE,4.92,5.02,4.36,4.47,232870
2023-11-03,CHKP,136.92,137.64,135.505,136.43,634795
2023-11-03,KALU,58.86,61.5446,58.67,60.07,109733
2023-11-06,CAMT,55.31,56.61,54.5,56.59,198662
2023-11-06,KALU,59.58,60.16,58.41,59.33,107346
2023-11-06,CHK,85.22,89.09,84.88,88.66,2892444
2023-11-06,LOGI,78.71,79.14,78.49,79.01,372453
2023-11-06,CHKP,138.76,138.88,136.19,137.04,789538
2023-11-06,EXP,164.87,166.32,164.63,165.46,221353
2023-11-06,PLSE,5.19,5.58,4.94,4.96,299324
2023-11-06,GRMN,116.29,116.35,115.35,115.5,612968
2023-11-06,NGVC,13.0,13.2314,12.6271,13.06,29245
2023-11-07,CHK,82.59,84.58,81.49,84.37,2276562
2023-11-07,KALU,57.85,59.25,56.875,58.9,70531
2023-11-07,EXP,164.55,165.26,163.2,163.97,222229
2023-11-07,GRMN,114.7,116.45,114.49,116.29,833218
2023-11-07,LOGI,80.77,80.9,79.58,79.68,627614
2023-11-07,PLSE,5.31,5.545,5.02,5.21,121034
2023-11-07,CHKP,137.86,139.27,137.76,139.0,629547
2023-11-07,CAMT,56.03,56.56,54.57,55.76,265566
2023-11-07,NGVC,12.96,13.15,12.8601,12.89,23055
2023-11-08,EXP,166.08,166.4,164.15,165.36,225956
2023-11-08,PLSE,5.09,5.38,4.73,5.36,189775
2023-11-08,CHK,81.4,83.0,81.37,82.15,1602097
2023-11-08,CHKP,137.56,138.86,136.46,138.07,602339
2023-11-08,GRMN,116.08,116.376,114.764,115.09,789214
2023-11-08,NUKK,0.1498,0.15,0.083,0.138,35665
2023-11-08,KALU,57.19,58.22,55.68,58.08,62593
2023-11-08,CAMT,58.11,58.72,56.17,56.43,344965
2023-11-08,LOGI,81.05,81.17,80.14,80.66,430930
2023-11-08,NGVC,12.84,13.07,12.77,13.05,20713
2023-11-09,GRMN,115.36,116.39,115.34,116.39,482179
2023-11-09,NUKK,0.125,0.153,0.125,0.153,2960
2023-11-09,LOGI,80.92,81.72,80.79,81.33,366376
2023-11-09,CHKP,138.31,140.095,138.0,138.0,825670
2023-11-09,EXP,165.12,167.41,164.45,167.41,172233
2023-11-09,CHK,80.49,81.97,80.415,81.58,953502
2023-11-09,CAMT,59.89,61.29,58.55,58.55,609958
2023-11-09,PLSE,4.625,5.19,4.58,5.06,109236
2023-11-09,KALU,56.23,57.89,55.56,57.89,102949
2023-11-09,NGVC,12.57,12.97,12.355,12.96,21112
2023-11-10,NUKK,0.102,0.153,0.1,0.153,6063
2023-11-10,EXP,167.79,167.81,165.12,166.38,153953
2023-11-10,CHKP,142.05,142.24,138.5,138.81,741491
2023-11-10,LOGI,81.56,81.85,80.89,81.6,250217
2023-11-10,NGVC,12.5,12.7,12.37,12.54,29019
2023-11-10,GRMN,116.62,116.64,115.525,116.0,458304
2023-11-10,KALU,55.73,56.78,55.54,56.78,145858
2023-11-10,PLSE,5.16,5.19,4.571,4.62,116007
2023-11-10,CHK,79.09,81.175,78.27,81.0,2232195
2023-11-10,CAMT,64.29,65.09,59.94,60.05,825979
2023-11-13,PLSE,5.41,5.85,5.2818,5.35,184607
2023-11-13,CAMT,65.2,67.08,63.69,64.04,898370
2023-11-13,EXP,167.8,168.93,166.74,166.74,231135
2023-11-13,NGVC,13.14,13.28,12.5,12.5,44001
2023-11-13,CHKP,143.24,143.81,141.44,141.47,807065
2023-11-13,LOGI,81.58,82.2099,81.56,81.72,604296
2023-11-13,GRMN,116.48,116.88,116.01,116.45,563150
2023-11-13,KALU,55.95,56.79,54.59,55.92,79320
2023-11-13,CHK,80.01,80.85,79.33,80.15,1257140
2023-11-13,NUKK,0.15,0.15,0.15,0.15,100
2023-11-14,LOGI,83.89,84.11,83.405,84.11,436880
2023-11-14,GRMN,118.93,119.58,117.3,117.3,662204
2023-11-14,CHK,81.54,81.87,80.0,80.15,1093251
2023-11-14,PLSE,5.82,6.0,5.22,5.5,166630
2023-11-14,NUKK,0.15,0.15,0.0845,0.15,4800
2023-11-14,EXP,174.49,176.52,171.19,171.19,252357
2023-11-14,NGVC,13.37,13.415,13.0,13.19,36181
2023-11-14,CAMT,65.73,67.3099,62.305,63.69,1073345
2023-11-14,KALU,60.95,61.13,57.5425,58.0,119181
2023-11-14,CHKP,142.0,144.3,140.18,143.73,1100010
2023-11-15,LOGI,85.29,85.55,84.81,84.82,590467
2023-11-15,NUKK,0.15,0.15,0.15,0.15,2096
2023-11-15,NGVC,13.05,13.44,13.0399,13.24,37929
2023-11-15,CAMT,62.15,65.26,61.18,65.22,1092047
2023-11-15,GRMN,118.84,120.245,118.82,118.93,589869
2023-11-15,PLSE,6.38,6.48,5.8026,5.88,315935
2023-11-15,CHKP,141.1,142.67,140.4,142.58,832310
2023-11-15,EXP,173.01,176.64,172.51,174.7,352129
2023-11-15,KALU,62.26,63.07,60.95,61.35,91846
2023-11-15,CHK,83.25,83.71,80.98,81.21,1666840
2023-11-16,NGVC,12.8,13.2591,12.5409,12.805,32479
2023-11-16,CAMT,61.75,63.01,60.87,61.01,718698
2023-11-16,ENCP,11.3,11.32,11.3,11.32,955
2023-11-16,PLSE,6.24,6.58,5.97,6.14,290205
2023-11-16,EXP,172.84,175.065,172.204,173.52,299504
2023-11-16,NUKK,0.15,0.15,0.111,0.15,5485
2023-11-16,LOGI,84.93,85.56,84.56,85.27,465836
2023-11-16,KALU,59.22,61.58,58.94,61.58,78077
2023-11-16,GRMN,119.13,119.47,118.51,118.51,506911
2023-11-16,CHKP,140.7,141.89,139.55,140.33,757048
2023-11-16,CHK,81.13,83.16,80.35,82.41,2017546
2023-11-17,LOGI,85.05,85.575,84.87,85.1,326364
2023-11-17,CAMT,61.51,61.785,59.77,61.26,535240
2023-11-17,GRMN,119.51,119.86,119.19,119.67,1453082
2023-11-17,NGVC,15.67,15.99,13.57,13.57,247784
2023-11-17,CHK,81.58,82.61,81.19,81.59,1164086
2023-11-17,KALU,60.76,63.335,60.08,60.5,110887
2023-11-17,PLSE,6.12,6.4297,5.97,6.34,197167
2023-11-17,EXP,175.89,175.97,173.125,174.03,211222
2023-11-17,NUKK,0.085,0.11,0.085,0.11,12595
2023-11-17,CHKP,142.36,143.22,140.855,140.91,587563
2023-11-20,NGVC,16.94,17.49,15.8,15.8,175923
2023-11-20,PLSE,6.26,6.67,6.01,6.16,163869
2023-11-20,ENCP,11.06,11.12,11.06,11.12,1011
2023-11-20,EXP,175.81,176.19,173.05,175.32,260524
2023-11-20,NUKK,0.1,0.145,0.087,0.087,27610
2023-11-20,CHK,81.76,82.32,80.8,81.24,949918
2023-11-20,KALU,60.78,61.7605,60.26,61.25,55838
2023-11-20,CAMT,60.56,61.6,59.79,61.04,467019
2023-11-20,LOGI,86.24,86.3747,85.38,85.38,337412
2023-11-20,CHKP,142.53,143.855,141.94,142.3,729548
2023-11-20,GRMN,120.07,120.4,118.79,119.26,449042
2023-11-21,CHK,81.67,82.13,80.195,81.61,1616237
2023-11-21,LOGI,85.82,86.08,85.46,85.8,329450
2023-11-21,CHKP,144.57,144.92,142.6,143.11,718535
2023-11-21,PLSE,6.61,7.41,6.32,6.33,338517
2023-11-21,EXP,177.01,180.015,175.94,175.94,315868
2023-11-21,NGVC,16.78,17.09,16.43,16.94,60922
2023-11-21,KALU,59.53,61.01,59.46,60.06,73996
2023-11-21,GRMN,119.32,120.52,119.27,119.91,1065929
2023-11-21,NUKK,0.1495,0.1495,0.149,0.1495,4520
2023-11-21,CAMT,64.3,65.24,59.83,60.6,1059135
2023-11-22,PLSE,6.69,6.89,6.51,6.51,99292
2023-11-22,CHKP,143.43,145.15,143.37,144.73,444488
2023-11-22,CHK,81.81,82.7,79.94,80.39,985231
2023-11-22,KALU,59.73,60.2399,59.26,59.73,58871
2023-11-22,GRMN,120.37,120.87,119.75,120.02,499176
2023-11-22,NUKK,0.1495,0.1495,0.1495,0.1495,344
2023-11-22,NGVC,17.21,17.27,16.8,17.0,69337
2023-11-22,LOGI,85.89,86.53,85.62,86.13,357941
2023-11-22,CAMT,63.71,66.07,62.6,65.0,568645
2023-11-22,ENCP,11.26,11.27,11.26,11.26,704
2023-11-22,EXP,178.4,179.88,177.795,178.08,173480
2023-11-24,CHKP,145.54,145.61,144.04,144.21,287285
2023-11-24,NGVC,16.97,17.1699,16.12,16.12,66932
2023-11-24,GRMN,121.03,121.27,120.28,120.28,254365
2023-11-24,KALU,59.66,60.06,59.0,59.38,30977
2023-11-24,NUKK,0.1,0.148,0.1,0.1,11100
2023-11-24,CAMT,64.19,65.14,63.385,64.09,161736
2023-11-24,PLSE,7.27,7.355,6.63,6.67,159366
2023-11-24,EXP,179.32,180.07,177.65,177.65,82547
2023-11-24,CHK,82.15,82.9,81.47,81.5,556859
2023-11-24,LOGI,84.67,84.89,84.32,84.78,228528
2023-11-27,CAMT,65.78,66.98,63.52,64.16,495085
2023-11-27,CHKP,145.69,145.88,144.57,144.83,526937
2023-11-27,CHK,81.56,81.81,80.59,81.45,1473383
2023-11-27,NGVC,17.0,17.38,16.66,17.2,68284
2023-11-27,NUKK,0.1,0.1495,0.1,0.1495,14000
2023-11-27,KALU,58.59,59.645,58.3926,59.37,81457
2023-11-27,EXP,180.94,181.49,178.18,178.38,180285
2023-11-27,LOGI,84.84,85.02,84.5,84.89,293565
2023-11-27,PLSE,8.84,9.0,7.11,7.11,453192
2023-11-27,GRMN,121.47,121.93,120.77,121.03,659735
2023-11-28,EXP,177.77,181.895,177.67,180.81,223277
2023-11-28,PLSE,8.74,9.7,8.6,9.04,597361
2023-11-28,NGVC,16.88,16.96,16.51,16.86,105436
2023-11-28,CHK,80.98,81.84,80.5,81.84,1647660
2023-11-28,CAMT,65.72,67.43,64.61,65.65,426324
2023-11-28,CHKP,145.69,147.16,145.18,145.18,759806
2023-11-28,KALU,58.08,59.33,57.55,58.95,160813
2023-11-28,NUKK,0.1,0.1495,0.1,0.1,21525
2023-11-28,LOGI,84.71,84.97,84.28,84.38,181269
2023-11-28,ENCP,11.22,11.24,11.1817,11.24,7428
2023-11-28,GRMN,121.39,122.27,121.09,121.58,823193
2023-11-29,GRMN,121.0,122.19,120.96,121.65,559938
2023-11-29,CAMT,65.86,68.25,65.06,65.48,375547
2023-11-29,CHK,79.765,81.5,79.72,81.5,1436175
2023-11-29,PLSE,9.24,10.21,8.57,8.65,634057
2023-11-29,ENCP,11.26,11.26,11.24,11.24,19059
2023-11-29,EXP,180.03,181.265,178.59,178.59,238746
2023-11-29,LOGI,86.38,86.4,85.455,85.58,431163
2023-11-29,NUKK,0.1288,0.149,0.07,0.1,183263
2023-11-29,NGVC,17.03,17.15,16.25,17.01,37705
2023-11-29,KALU,57.64,59.9,57.59,59.03,114737
2023-11-29,CHKP,146.17,147.5,144.49,147.06,794482
2023-11-30,LOGI,87.7,87.73,86.78,87.26,368175
2023-11-30,PLSE,9.03,9.55,8.804,9.23,478427
2023-11-30,ENCP,11.32,11.32,11.28,11.28,3829
2023-11-30,GRMN,122.24,122.5,120.97,121.14,1653533
2023-11-30,EXP,181.05,182.0,178.42,179.82,266416
2023-11-30,CHK,80.31,81.67,79.35,80.58,2007703
2023-11-30,CAMT,63.48,65.21,62.69,65.2,428262
2023-11-30,NGVC,15.69,16.91,15.1975,16.91,107247
2023-11-30,KALU,58.48,59.66,57.52,57.53,84999
2023-11-30,NUKK,0.09,0.14,0.09,0.12,17657
2023-11-30,CHKP,146.0,147.285,144.8,146.03,1621981
2023-12-01,CAMT,62.48,63.36,61.14,63.28,287299
2023-12-01,ENCP,11.32,11.32,11.32,11.32,4790
2023-12-01,LOGI,87.11,87.28,86.01,86.14,255011
2023-12-01,GRMN,123.64,123.72,121.7,122.04,575007
2023-12-01,PLSE,9.16,9.569,8.89,9.48,345302
2023-12-01,KALU,60.07,60.8,58.36,58.36,134033
2023-12-01,CHKP,145.83,146.29,144.5,145.75,675889
2023-12-01,NUKK,0.1198,0.12,0.1,0.1,39820
2023-12-01,CHK,80.6,81.15,79.8,79.95,1247000
2023-12-01,NGVC,16.29,16.35,15.7673,15.94,56329
2023-12-01,EXP,185.13,185.35,181.04,181.04,187560
2023-12-04,NGVC,16.66,17.065,16.07,16.07,73122
2023-12-04,NUKK,0.12,0.12,0.11,0.119,62750
2023-12-04,CAMT,61.71,62.0,59.33,61.29,477130
2023-12-04,LOGI,87.01,87.07,85.73,86.33,346168
2023-12-04,GRMN,124.18,124.525,122.34,122.97,1106191
2023-12-04,ENCP,11.4,11.4,11.38,11.4,4666
2023-12-04,PLSE,10.27,11.0811,9.3,9.3,618368
2023-12-04,CHKP,145.46,147.23,144.91,146.0,546072
2023-12-04,CHK,78.32,80.12,78.01,79.64,1595297
2023-12-04,EXP,185.29,186.235,183.83,184.26,207283
2023-12-04,KALU,61.27,61.73,59.43,59.43,111304
2023-12-05,CHKP,145.74,146.98,145.16,145.24,469283
2023-12-05,GRMN,124.18,124.63,123.25,123.77,720654
2023-12-05,KALU,58.55,61.01,58.43,61.01,99422
2023-12-05,NGVC,16.52,16.9198,16.35,16.6,45521
2023-12-05,NUKK,0.11,0.14,0.11,0.14,10800
2023-12-05,CHK,76.39,78.6925,76.39,78.69,1191944
2023-12-05,EXP,182.44,184.62,182.39,184.62,215747
2023-12-05,PLSE,9.4,10.4996,9.22,10.27,452663
2023-12-05,LOGI,86.47,86.63,85.82,85.82,221540
2023-12-05,CAMT,61.08,62.0,60.6,61.59,229834
2023-12-06,CHK,73.95,76.6699,73.89,75.91,2383831
2023-12-06,ENCP,11.29,11.32,11.25,11.27,2230
2023-12-06,PLSE,9.01,9.51,8.61,9.4,463057
2023-12-06,CHKP,144.54,146.28,144.5,145.71,609130
2023-12-06,GRMN,125.08,125.99,124.1,124.66,932649
2023-12-06,LOGI,86.36,87.13,86.23,86.99,170541
2023-12-06,EXP,184.76,186.52,183.92,184.03,240885
2023-12-06,NGVC,16.57,16.85,16.4999,16.65,40624
2023-12-06,CAMT,62.6,65.79,62.36,62.62,661749
2023-12-06,KALU,58.48,60.55,58.39,59.16,112377
2023-12-07,CAMT,62.15,63.28,61.025,62.79,276603
2023-12-07,CHKP,144.55,144.89,143.28,144.5,550407
2023-12-07,KALU,59.0,59.71,58.2,58.46,87595
2023-12-07,GRMN,124.39,125.4,123.98,125.06,630505
2023-12-07,ENCP,11.36,11.36,11.26,11.27,1315
2023-12-07,NGVC,16.8,16.83,16.36,16.56,63622
2023-12-07,EXP,188.16,188.18,184.685,185.28,156980
2023-12-07,PLSE,9.32,9.484,8.6712,9.0,305742
2023-12-07,LOGI,87.33,87.39,86.57,86.68,235095
2023-12-07,CHK,75.04,75.22,73.87,74.34,2202108
2023-12-08,NGVC,16.64,16.87,16.37,16.87,61854
2023-12-08,EXP,189.06,190.82,187.16,187.16,210584
2023-12-08,CAMT,63.61,64.1226,61.9179,62.63,375080
2023-12-08,ENCP,11.34,11.34,11.26,11.261,2800
2023-12-08,PLSE,9.48,9.821,9.2416,9.59,425439
2023-12-08,KALU,60.0,60.575,59.13,59.13,90521
2023-12-08,GRMN,124.59,124.92,124.14,124.47,644590
2023-12-08,CHK,75.05,76.3,74.21,75.16,1543807
2023-12-08,LOGI,89.11,89.315,87.89,87.91,429389
2023-12-08,CHKP,145.72,145.9,143.82,143.82,865448
2023-12-11,CHK,75.1,75.12,72.84,73.42,1233390
2023-12-11,ENCP,11.45,11.45,11.261,11.261,469
2023-12-11,GRMN,125.2,125.689,124.08,124.42,616372
2023-12-11,NGVC,16.37,16.67,16.07,16.67,55635
2023-12-11,EXP,188.36,190.87,188.22,188.9,159038
2023-12-11,CHKP,147.03,147.72,144.95,144.95,659185
2023-12-11,CAMT,64.39,66.29,63.75,64.2,628044
2023-12-11,PLSE,9.18,9.75,9.03,9.75,412970
2023-12-11,LOGI,90.23,90.36,89.16,89.28,293751
2023-12-11,KALU,62.0,63.18,59.63,60.18,204330
2023-12-12,EXP,190.65,191.295,188.35,190.04,179040
2023-12-12,CHKP,148.93,149.74,147.32,147.32,735297
2023-12-12,NGVC,16.0,16.5,15.91,16.46,44022
2023-12-12,LOGI,92.04,92.06,90.85,90.89,215800
2023-12-12,CAMT,65.0,65.81,64.44,64.6,448552
2023-12-12,NUKK,0.14,0.14,0.03,0.14,17955
2023-12-12,PLSE,9.39,9.66,8.83,9.11,264848
2023-12-12,CHK,73.76,74.58,73.14,73.7,1808539
2023-12-12,GRMN,125.53,125.9,124.69,125.14,610633
2023-12-12,ENCP,11.49,11.5,11.36,11.48,3240
2023-12-12,KALU,60.5,61.7077,59.56,61.55,137532
2023-12-13,CHK,74.95,75.08,73.205,73.84,2239147
2023-12-13,NGVC,16.1,16.49,15.63,16.12,163434
2023-12-13,CHKP,148.77,150.15,148.66,149.34,770347
2023-12-13,KALU,64.85,65.5,59.71,59.71,200827
2023-12-13,LOGI,93.44,93.59,92.045,93.22,323318
2023-12-13,CAMT,64.0,65.21,62.54,64.67,427008
2023-12-13,EXP,192.31,192.74,186.72,190.59,451301
2023-12-13,PLSE,10.09,10.4,9.48,9.62,367809
2023-12-13,GRMN,126.89,126.99,124.73,125.88,961965
2023-12-13,ENCP,11.41,11.49,11.27,11.28,11914
2023-12-13,NUKK,0.15,0.15,0.1,0.1,10402
2023-12-14,NUKK,0.145,0.145,0.0401,0.0401,5786
2023-12-14,EXP,203.46,203.845,193.945,195.06,608755
2023-12-14,LOGI,94.98,95.23,93.51,93.51,512769
2023-12-14,PLSE,9.45,10.48,9.2,10.37,404519
2023-12-14,KALU,67.76,70.0,66.6,66.82,232237
2023-12-14,ENCP,11.4592,11.49,11.35,11.35,5184
2023-12-14,CHK,75.77,76.69,74.64,75.05,1939845
2023-12-14,CAMT,62.23,66.12,60.9,64.79,505412
2023-12-14,NGVC,16.6,16.85,16.32,16.33,85661
2023-12-14,GRMN,125.6,126.83,124.97,126.83,960625
2023-12-14,CHKP,144.8,149.0799,144.66,148.92,1014827
2023-12-15,NUKK,0.15,0.15,0.15,0.15,4001
2023-12-15,ENCP,11.45,11.45,11.45,11.45,1405
2023-12-15,PLSE,9.84,10.0686,9.43,9.68,353075
2023-12-15,CHKP,146.02,146.53,145.0,145.0,1630323
2023-12-15,EXP,203.56,205.66,201.535,202.92,460568
2023-12-15,LOGI,94.08,95.11,93.75,93.83,510084
2023-12-15,CHK,75.77,75.98,74.75,75.42,3448387
2023-12-15,NGVC,16.31,16.68,15.87,16.68,129954
2023-12-15,KALU,67.22,68.915,66.97,68.55,1129911
2023-12-15,CAMT,62.48,64.39,61.96,62.33,373436
2023-12-15,GRMN,126.13,126.64,125.145,125.6,3125516
2023-12-18,GRMN,126.46,126.51,125.0639,125.45,582253
2023-12-18,KALU,67.13,68.575,66.19,67.81,155190
2023-12-18,NGVC,16.75,16.77,16.16,16.35,69218
2023-12-18,CAMT,63.16,65.43,63.03,64.27,368900
2023-12-18,LOGI,93.43,93.75,92.55,93.23,382704
2023-12-18,CHKP,149.02,150.0,147.6,148.71,818395
2023-12-18,CHK,76.3,77.45,76.11,77.18,1513056
2023-12-18,PLSE,9.75,10.13,9.5,9.84,197335
2023-12-18,EXP,203.31,204.345,200.79,203.96,261510
2023-12-18,NUKK,0.195,0.195,0.0521,0.15,22910
2023-12-19,CHKP,150.6,150.89,149.01,149.7,586129
2023-12-19,EXP,204.26,205.93,202.58,205.24,215431
2023-12-19,PLSE,12.38,13.0599,9.78,9.78,1386010
2023-12-19,NGVC,16.72,16.82,16.33,16.82,79337
2023-12-19,LOGI,94.09,94.46,93.69,93.94,220606
2023-12-19,CAMT,63.6,64.665,63.161,63.2,233715
2023-12-19,CHK,76.92,77.16,75.46,75.97,1595016
2023-12-19,KALU,69.84,70.1,67.96,67.96,114832
2023-12-19,GRMN,127.04,127.415,126.47,126.47,658966
2023-12-19,NUKK,0.24,0.25,0.05,0.05,59069
2023-12-20,KALU,68.65,71.76,68.5,69.43,104425
2023-12-20,CAMT,62.25,64.16,61.61,63.62,346725
2023-12-20,NUKK,0.0531,0.0531,0.0531,0.0531,1461
2023-12-20,PLSE,11.5,13.0,11.39,12.32,669649
2023-12-20,CHKP,149.61,151.945,149.61,150.75,638217
2023-12-20,CHK,75.18,77.68,75.12,76.85,2145941
2023-12-20,LOGI,92.67,93.65,92.56,92.65,312260
2023-12-20,GRMN,126.05,128.12,126.01,126.75,623533
2023-12-20,NGVC,16.5,17.11,16.4296,16.72,65712
2023-12-20,EXP,201.55,206.47,201.46,203.46,255439
2023-12-21,KALU,69.54,69.72,68.85,69.58,74169
2023-12-21,CHKP,150.85,151.09,149.58,149.89,780772
2023-12-21,NUKK,0.25,0.25,0.228,0.25,15401
2023-12-21,GRMN,127.42,127.45,126.465,126.98,486197
2023-12-21,NGVC,16.45,16.66,16.3,16.66,41309
2023-12-21,CAMT,67.71,68.0,63.11,63.41,982107
2023-12-21,PLSE,12.07,12.3617,11.6,11.98,299456
2023-12-21,CHK,77.33,77.35,75.35,75.68,1626837
2023-12-21,LOGI,93.23,93.65,92.61,93.58,219509
2023-12-21,EXP,201.58,204.31,199.83,203.77,254825
2023-12-22,NGVC,16.32,16.685,16.26,16.57,44678
2023-12-22,CAMT,68.54,71.05,66.31,68.18,739079
2023-12-22,KALU,71.01,71.33,69.99,70.03,70395
2023-12-22,PLSE,12.66,13.62,12.07,12.23,350516
2023-12-22,NUKK,0.2,0.25,0.1,0.1,15492
2023-12-22,GRMN,128.06,128.8,127.39,127.4,730091
2023-12-22,EXP,203.4,204.06,201.5583,203.05,135513
2023-12-22,ENCP,11.45,11.45,11.38,11.38,548
2023-12-22,CHKP,152.25,152.85,150.73,151.2,411615
2023-12-22,LOGI,92.58,93.02,91.82,92.18,220617
2023-12-22,CHK,77.28,77.8,76.48,77.22,1440817
2023-12-26,NUKK,3.7,4.27,2.75,2.99,352890
2023-12-26,EXP,205.12,206.38,203.31,204.15,114053
2023-12-26,CHKP,153.64,153.75,152.02,152.15,379625
2023-12-26,GRMN,128.91,129.055,127.77,127.85,488024
2023-12-26,NGVC,16.67,16.71,16.32,16.32,26130
2023-12-26,CAMT,70.35,70.42,67.93,68.48,323524
2023-12-26,KALU,72.53,72.92,71.33,71.42,64557
2023-12-26,LOGI,93.23,93.49,92.6,92.6,140481
2023-12-26,CHK,77.95,78.32,77.08,77.16,875620
2023-12-26,PLSE,12.62,12.94,11.98,12.6,435433
2023-12-27,GRMN,128.67,129.3177,128.34,129.0,443537
2023-12-27,NUKK,2.6,3.2,2.33,2.95,426435
2023-12-27,EXP,205.8,205.82,204.43,205.25,97351
2023-12-27,CHK,78.1,78.39,77.52,77.95,1165947
2023-12-27,CHKP,153.1,154.12,152.77,153.1,420663
2023-12-27,NGVC,16.64,16.78,16.58,16.7704,27954
2023-12-27,CAMT,70.12,71.5889,69.5296,70.63,265019
2023-12-27,LOGI,94.56,94.57,93.51,93.73,281495
2023-12-27,KALU,73.47,73.47,72.38,72.86,70999
2023-12-27,PLSE,12.84,13.35,12.42,12.61,231601
2023-12-28,CHKP,152.56,153.78,151.9,153.15,332205
2023-12-28,CAMT,69.81,71.5,69.68,70.54,253299
2023-12-28,KALU,73.08,73.73,72.465,72.99,57941
2023-12-28,EXP,204.24,205.655,203.51,205.2,104884
2023-12-28,LOGI,94.51,94.877,94.29,94.74,164112
2023-12-28,NGVC,16.18,16.591,16.12,16.46,34773
2023-12-28,CHK,77.52,78.87,77.48,78.27,1174186
2023-12-28,PLSE,12.6,13.02,12.26,12.91,405779
2023-12-28,NUKK,2.57,2.67,2.38,2.47,252140
2023-12-28,GRMN,128.76,129.06,128.2503,128.54,440110
2023-12-29,EXP,202.84,204.4,202.42,203.38,105451
2023-12-29,CAMT,69.38,71.02,68.56,69.86,293761
2023-12-29,NUKK,2.8664,2.9686,2.32,2.32,270023
2023-12-29,NGVC,16.0,16.25,15.52,16.0,31726
2023-12-29,ENCP,11.31,11.31,11.31,11.31,160
2023-12-29,GRMN,128.54,128.95,128.08,128.4,622252
2023-12-29,PLSE,12.24,12.96,12.0137,12.79,316322
2023-12-29,KALU,71.19,73.075,70.595,72.8,96114
2023-12-29,CHK,76.94,77.84,76.84,77.6,741532
2023-12-29,CHKP,152.79,152.845,151.355,152.7,356421
2023-12-29,LOGI,95.06,95.49,94.55,95.16,275369
2024-01-02,NGVC,16.34,16.41,15.5,15.75,51562
2024-01-02,GRMN,126.56,128.6,126.0284,127.55,1023259
2024-01-02,CHKP,152.27,152.53,150.56,152.12,669996
2024-01-02,CAMT,67.46,68.85,65.98,68.85,506257
2024-01-02,CHK,76.99,78.34,76.645,77.86,929072
2024-01-02,NUKK,2.89,3.08,2.61,3.08,206952
2024-01-02,EXP,200.47,203.385,198.94,201.05,200811
2024-01-02,PLSE,11.02,12.22,10.8561,12.02,385349
2024-01-02,KALU,70.3,72.07,69.98,70.28,92706
2024-01-02,LOGI,93.63,94.35,93.11,94.35,204545
2024-01-03,CAMT,67.02,67.84,66.14,66.94,324344
2024-01-03,EXP,196.46,199.69,196.27,198.18,227735
2024-01-03,CHK,77.94,78.1,76.0,76.54,1071419
2024-01-03,CHKP,152.82,154.17,151.645,151.84,955703
2024-01-03,LOGI,93.09,93.67,90.98,91.0,484990
2024-01-03,NGVC,16.16,16.599,16.13,16.34,37951
2024-01-03,NUKK,2.38,2.69,2.37,2.64,169948
2024-01-03,PLSE,10.09,11.06,10.03,11.06,205983
2024-01-03,KALU,66.01,69.22,65.87,69.22,105821
2024-01-03,GRMN,124.15,125.99,123.94,125.55,728117
2024-01-04,NGVC,15.92,16.32,15.79,16.31,43871
2024-01-04,ENCP,11.36,11.36,11.35,11.35,3755
2024-01-04,EXP,197.45,199.15,195.93,196.52,228104
2024-01-04,CAMT,68.62,70.05,65.18,65.85,453561
2024-01-04,KALU,65.23,66.5717,65.095,65.97,72876
2024-01-04,NUKK,2.3081,2.5,2.3,2.4,59042
2024-01-04,CHK,76.96,78.91,76.7,78.79,1024806
2024-01-04,PLSE,9.25,10.035,9.2,10.0,296212
2024-01-04,GRMN,123.81,124.7,123.745,123.94,660899
2024-01-04,LOGI,92.88,93.45,92.51,92.94,221692
2024-01-04,CHKP,152.14,153.78,152.01,152.68,537244
2024-01-05,EXP,200.12,200.65,196.56,196.56,219285
2024-01-05,NUKK,2.05,2.39,2.0,2.3,103776
2024-01-05,PLSE,9.03,9.4403,8.805,8.92,235899
2024-01-05,CHKP,151.05,152.775,151.015,152.52,532809
2024-01-05,NGVC,15.86,16.228,15.78,15.85,43786
2024-01-05,GRMN,122.85,124.36,122.64,123.78,864616
2024-01-05,KALU,64.66,66.565,63.2086,64.41,72049
2024-01-05,CAMT,67.93,68.845,67.42,68.19,291866
2024-01-05,CHK,79.2,80.05,75.72,76.85,5818459
2024-01-05,LOGI,92.56,92.96,91.98,92.0,273348
2024-01-08,ENCP,11.45,11.45,11.32,11.36,2304
2024-01-08,LOGI,94.72,94.876,93.78,93.78,198604
2024-01-08,CHK,78.755,78.96,76.73,77.72,1924795
2024-01-08,NUKK,2.0708,2.4921,1.98,2.06,283020
2024-01-08,CHKP,152.28,152.8801,150.85,151.08,553791
2024-01-08,KALU,66.08,66.08,63.79,64.25,106133
2024-01-08,PLSE,9.12,9.2399,8.78,9.01,286826
2024-01-08,GRMN,123.02,123.185,121.72,122.06,795164
2024-01-08,CAMT,68.75,69.78,67.94,67.96,242175
2024-01-08,EXP,203.94,204.29,200.82,202.13,248340
2024-01-08,NGVC,15.99,16.0325,15.52,15.81,40628
2024-01-09,CHKP,153.46,153.82,151.81,151.81,484715
2024-01-09,NUKK,2.44,2.55,2.18,2.4,1281202
2024-01-09,PLSE,8.65,9.1,8.59,8.9,221918
2024-01-09,LOGI,94.03,94.66,93.84,94.26,473566
2024-01-09,GRMN,121.88,122.52,121.32,122.2,934709
2024-01-09,CHK,78.35,79.29,77.355,79.29,1892983
2024-01-09,EXP,203.57,203.655,200.07,202.01,146400
2024-01-09,CAMT,71.87,73.59,67.6713,68.0,960421
2024-01-09,KALU,63.93,65.55,63.78,64.74,70519
2024-01-09,ENCP,11.45,11.45,11.37,11.37,18066
2024-01-09,NGVC,15.7,15.99,15.67,15.99,23384
2024-01-10,NUKK,2.09,2.4808,2.05,2.39,577552
2024-01-10,KALU,63.49,63.9,62.64,63.51,97712
2024-01-10,CHKP,155.22,155.51,153.66,153.66,476212
2024-01-10,NGVC,15.57,15.9,15.3,15.61,45466
2024-01-10,PLSE,8.44,8.61,8.12,8.48,253178
2024-01-10,LOGI,95.94,96.1599,95.23,95.34,389300
2024-01-10,GRMN,123.25,123.46,122.35,122.67,567258
2024-01-10,CAMT,69.72,72.5,68.58,72.06,719343
2024-01-10,ENCP,11.45,11.45,11.41,11.41,547
2024-01-10,EXP,205.54,205.75,202.5,203.15,160153
2024-01-10,CHK,77.18,78.26,76.78,77.89,1570778
2024-01-11,CAMT,71.86,72.245,69.51,69.88,308331
2024-01-11,NUKK,2.15,2.32,2.0001,2.25,452498
2024-01-11,EXP,204.67,205.35,201.84,205.05,116858
2024-01-11,CHKP,156.31,157.15,155.205,155.54,479688
2024-01-11,NGVC,15.48,15.63,15.31,15.63,21788
2024-01-11,PLSE,8.13,8.39,7.83,8.37,224634
2024-01-11,LOGI,95.38,95.81,94.23,95.36,200712
2024-01-11,CHK,79.62,82.99,78.6,79.97,7821771
2024-01-11,GRMN,123.18,123.545,121.98,123.25,621466
2024-01-11,ENCP,11.41,11.47,11.41,11.45,7891
2024-01-11,KALU,63.69,64.1299,62.0,62.95,105471
2024-01-12,PLSE,8.03,8.3732,7.91,8.22,155118
2024-01-12,NGVC,15.6,15.64,15.3501,15.64,33159
2024-01-12,CAMT,70.96,72.51,70.3,72.16,147407
2024-01-12,NUKK,1.56,2.04,1.55,2.01,588454
2024-01-12,CHK,82.87,83.0,81.18,82.26,3443693
2024-01-12,GRMN,123.85,124.29,123.37,124.2,520987
2024-01-12,CHKP,158.73,160.21,157.51,158.07,972229
2024-01-12,EXP,202.91,205.1775,201.71,205.0,132651
2024-01-12,ENCP,11.47,11.47,11.46,11.46,505
2024-01-12,KALU,63.85,65.8699,63.505,64.98,60762
2024-01-12,LOGI,95.96,96.65,95.725,96.39,234768
2024-01-16,NUKK,1.5254,1.55,1.35,1.5,514684
2024-01-16,GRMN,123.59,123.76,122.5118,123.2,703654
2024-01-16,NGVC,15.5,15.87,15.44,15.6,34242
2024-01-16,PLSE,8.23,8.29,7.79,7.91,201844
2024-01-16,KALU,62.0,63.17,61.6809,62.92,97434
2024-01-16,ENCP,11.47,11.47,11.46,11.46,4018
2024-01-16,LOGI,94.04,94.82,93.42,94.67,350060
2024-01-16,CHK,78.66,82.38,78.22,82.0,4122982
2024-01-16,CHKP,156.1,159.9375,155.815,158.75,1307796
2024-01-16,CAMT,74.03,76.14,72.7,72.73,605940
2024-01-16,EXP,200.24,202.485,199.72,202.0,207375
2024-01-17,ENCP,11.5,11.5,11.5,11.5,189
2024-01-17,KALU,60.3,61.52,59.81,60.69,99845
2024-01-17,CHK,76.99,78.3,76.71,77.84,2390085
2024-01-17,NGVC,15.31,15.46,15.175,15.3,41032
2024-01-17,LOGI,93.75,93.816,92.28,93.13,387043
2024-01-17,GRMN,123.37,123.64,122.735,122.98,699202
2024-01-17,NUKK,1.4099,1.46,1.28,1.33,568828
2024-01-17,PLSE,8.3,8.32,7.79,8.03,154599
2024-01-17,CHKP,157.86,158.14,155.57,155.57,776632
2024-01-17,EXP,198.8,199.71,197.58,198.0,196632
2024-01-17,CAMT,73.41,73.72,71.08,73.01,338717
2024-01-18,CHKP,159.055,159.765,157.875,158.32,767793
2024-01-18,GRMN,124.28,124.58,123.14,124.08,612794
2024-01-18,KALU,60.52,62.5299,59.52,60.59,63721
2024-01-18,EXP,201.68,201.98,198.89,199.58,202279
2024-01-18,NGVC,15.22,15.3,14.98,15.27,33604
2024-01-18,LOGI,94.72,94.92,93.47,94.48,321835
2024-01-18,CAMT,76.35,77.8899,75.06,75.06,560200
2024-01-18,PLSE,8.49,8.58,8.12,8.28,249029
2024-01-18,NUKK,0.98,1.31,0.96,1.3,341160
2024-01-18,CHK,76.35,76.97,75.41,76.97,2650915
2024-01-19,GRMN,125.48,126.02,124.5,124.73,1334288
2024-01-19,PLSE,8.28,8.54,8.19,8.54,189149
2024-01-19,CHKP,157.73,159.895,157.41,159.83,711202
2024-01-19,CHK,75.94,76.035,74.84,75.95,2103347
2024-01-19,EXP,204.45,204.67,200.08,202.27,171444
2024-01-19,ENCP,11.495,11.495,11.485,11.485,1522
2024-01-19,KALU,62.61,62.69,60.05,61.24,91448
2024-01-19,LOGI,94.67,94.76,93.83,94.17,478708
2024-01-19,NUKK,0.9195,1.03,0.82,1.0,307077
2024-01-19,CAMT,78.71,79.87,76.1725,79.87,650945
2024-01-19,NGVC,15.26,15.44,15.0511,15.25,41208
2024-01-22,EXP,209.56,211.01,205.59,205.59,261371
2024-01-22,NGVC,16.25,16.28,15.31,15.31,70960
2024-01-22,PLSE,9.37,9.4,8.24,8.24,203982
2024-01-22,CHK,75.31,76.235,74.42,75.45,1803142
2024-01-22,CAMT,78.81,80.5499,76.65,79.3,330201
2024-01-22,ENCP,11.48,11.5,11.48,11.5,2009
2024-01-22,CHKP,159.06,159.89,158.03,158.03,566113
2024-01-22,LOGI,95.93,96.66,94.42,95.1,838095
2024-01-22,KALU,65.19,65.65,62.57,62.71,150159
2024-01-22,NUKK,0.8303,0.9964,0.762,0.9201,334594
2024-01-22,GRMN,126.71,127.355,126.05,126.05,659088
2024-01-23,NGVC,15.86,16.4877,15.81,16.41,42430
2024-01-23,NUKK,0.833,0.8698,0.815,0.84,79551
2024-01-23,CHKP,157.05,159.08,156.77,158.43,745440
2024-01-23,KALU,66.6,67.76,65.78,65.78,166060
2024-01-23,ENCP,11.5,11.5,11.48,11.5,3783
2024-01-23,LOGI,84.86,87.15,83.9,84.67,2813849
2024-01-23,CAMT,78.37,79.5525,77.34,78.71,235890
2024-01-23,GRMN,127.05,127.25,125.89,126.46,745221
2024-01-23,EXP,206.42,209.37,203.98,209.37,321819
2024-01-23,PLSE,9.88,10.23,9.39,9.46,278357
2024-01-23,CHK,74.89,75.56,74.18,74.92,1617120
2024-01-24,LOGI,87.15,87.65,86.59,87.52,816235
2024-01-24,NGVC,15.57,16.06,15.54,16.06,42323
2024-01-24,GRMN,125.11,127.73,125.015,127.73,632526
2024-01-24,CHKP,157.34,158.3299,157.22,157.37,490952
2024-01-24,CHK,76.44,76.8122,75.02,75.36,2512945
2024-01-24,ENCP,11.5656,11.5656,11.5,11.55,2777
2024-01-24,KALU,65.93,66.85,64.23,66.72,114548
2024-01-24,NUKK,1.01,1.06,0.84,0.86,442315
2024-01-24,PLSE,8.7,10.08,8.62,10.02,417772
2024-01-24,CAMT,78.86,81.011,78.21,79.9,478194
2024-01-24,EXP,207.42,209.395,205.915,208.76,437666
2024-01-25,NUKK,1.108,1.1299,0.9015,1.04,230212
2024-01-25,GRMN,125.04,125.51,124.15,124.8,675206
2024-01-25,NGVC,15.79,15.84,15.53,15.84,40374
2024-01-25,CAMT,80.8,82.96,79.06,79.88,806099
2024-01-25,ENCP,11.55,11.58,11.55,11.58,699
2024-01-25,CHKP,158.89,159.16,157.11,157.45,654325
2024-01-25,EXP,212.4,212.89,204.27,210.0,417401
2024-01-25,CHK,77.35,77.577,76.545,77.05,2233704
2024-01-25,LOGI,85.24,86.925,84.85,86.15,722828
2024-01-25,KALU,66.87,67.35,65.075,67.3,112113
2024-01-25,PLSE,8.44,9.04,8.2,8.73,225451
2024-01-26,CAMT,79.1,80.665,77.16,79.59,408981
2024-01-26,GRMN,124.74,125.75,124.38,125.39,488136
2024-01-26,NUKK,1.05,1.21,1.0,1.07,366661
2024-01-26,PLSE,8.52,9.02,8.235,8.33,160095
2024-01-26,CHKP,159.58,159.58,157.93,157.97,542046
2024-01-26,LOGI,85.57,85.92,85.14,85.92,340098
2024-01-26,KALU,67.94,68.42,67.02,68.09,70549
2024-01-26,EXP,215.91,216.99,214.36,215.88,365063
2024-01-26,CHK,77.51,77.96,75.975,77.58,2082016
2024-01-26,NGVC,15.39,15.89,15.34,15.88,33019
2024-01-29,GRMN,125.19,125.21,123.73,124.38,459369
2024-01-29,PLSE,9.28,9.3425,8.37,8.5,142446
2024-01-29,LOGI,83.94,85.14,83.22,85.08,637807
2024-01-29,NUKK,0.961,1.07,0.93,0.9765,157106
2024-01-29,NGVC,15.64,15.77,15.36,15.47,87131
2024-01-29,EXP,224.38,225.37,215.085,216.92,532204
2024-01-29,CAMT,80.29,80.36,78.23,79.16,173161
2024-01-29,CHKP,160.03,160.17,158.85,159.6,692453
2024-01-29,KALU,68.74,68.83,66.68,67.94,68121
2024-01-29,CHK,77.48,77.9,76.64,77.9,1858968
2024-01-30,EXP,228.86,229.725,223.745,224.71,632531
2024-01-30,PLSE,9.08,9.26,8.83,9.18,103589
2024-01-30,CHKP,160.31,161.01,159.42,160.25,764797
2024-01-30,GRMN,121.86,124.04,121.74,123.98,1039027
2024-01-30,NGVC,15.49,15.67,15.45,15.67,37176
2024-01-30,NUKK,0.93,1.0,0.901,0.9618,79064
2024-01-30,KALU,67.5,68.0,67.16,67.81,48814
2024-01-30,LOGI,84.44,84.75,83.79,84.69,389645
2024-01-30,CHK,79.12,79.21,76.78,76.99,1978673
2024-01-30,CAMT,79.79,81.78,78.675,80.66,195411
2024-01-30,ENCP,11.57,11.6,11.55,11.55,84591
2024-01-31,CAMT,77.84,79.59,77.4,78.93,325065
2024-01-31,GRMN,119.49,121.86,119.3,121.86,936020
2024-01-31,NUKK,0.9,0.94,0.87,0.901,24351
2024-01-31,KALU,64.9,68.3,64.9,67.6,102486
2024-01-31,PLSE,8.88,9.5,8.84,9.1,122844
2024-01-31,LOGI,83.39,84.9037,83.35,84.42,418176
2024-01-31,EXP,226.28,230.02,226.0,227.35,451505
2024-01-31,CHK,77.11,79.3,77.07,79.16,1441238
2024-01-31,NGVC,14.95,15.56,14.93,15.56,59028
2024-01-31,ENCP,11.6,11.6,11.57,11.58,3514
2024-01-31,CHKP,158.93,163.02,158.9,161.22,1101486
2024-02-01,ENCP,11.56,11.57,11.56,11.57,11460
2024-02-01,KALU,66.29,66.57,64.09,65.55,72563
2024-02-01,LOGI,85.2,85.445,83.24,83.84,551109
2024-02-01,NGVC,14.93,15.19,14.87,15.08,71292
2024-02-01,CAMT,79.64,79.95,77.53,78.29,163808
2024-02-01,PLSE,8.98,9.12,8.71,8.94,141324
2024-02-01,CHK,76.93,78.119,76.46,77.23,1640090
2024-02-01,NUKK,0.8987,0.9345,0.8567,0.8865,53928
2024-02-01,GRMN,121.01,121.03,119.15,120.04,708525
2024-02-01,EXP,233.87,234.47,226.63,228.19,393312
2024-02-01,CHKP,161.99,162.96,159.38,159.67,856780
2024-02-02,NGVC,15.07,15.38,14.87,14.87,50552
2024-02-02,NUKK,0.8225,0.91,0.8,0.85,95108
2024-02-02,GRMN,120.41,120.935,119.265,119.97,722129
2024-02-02,KALU,65.66,66.07,64.15,64.85,64725
2024-02-02,ENCP,11.5952,11.6,11.57,11.57,3194
2024-02-02,CHKP,162.0,162.81,160.715,161.37,769709
2024-02-02,LOGI,84.33,84.6,83.829,84.54,307708
2024-02-02,CAMT,80.55,81.52,79.6701,80.0,169233
2024-02-02,CHK,76.59,77.7,76.18,76.5,1090382
2024-02-02,EXP,236.23,237.43,229.79,231.64,292968
2024-02-02,PLSE,9.13,9.69,8.835,8.95,141598
2024-02-05,NGVC,14.66,15.32,14.64,15.02,81763
2024-02-05,LOGI,84.18,84.41,83.54,84.07,384545
2024-02-05,CHK,75.35,76.23,74.76,76.11,1876653
2024-02-05,NUKK,0.8021,0.9,0.8,0.8636,36945
2024-02-05,ENCP,11.5746,11.575,11.56,11.575,3823
2024-02-05,GRMN,119.88,120.8099,119.31,119.52,734380
2024-02-05,EXP,233.56,235.33,231.04,233.43,335847
2024-02-05,CHKP,160.8,162.58,159.9,162.0,1436483
2024-02-05,PLSE,8.72,9.13,8.32,9.13,188613
2024-02-05,KALU,63.2,64.15,62.04,63.99,75945
2024-02-05,CAMT,81.35,82.63,79.0498,81.16,317614
2024-02-06,KALU,64.51,65.055,63.01,63.04,79218
2024-02-06,CAMT,77.88,82.28,75.32,81.8,556160
2024-02-06,ENCP,11.6,11.63,11.6,11.6,45755
2024-02-06,EXP,235.82,237.025,233.2747,233.61,311840
2024-02-06,PLSE,8.7,8.93,8.32,8.67,145793
2024-02-06,NUKK,0.7721,0.9098,0.77,0.83,88537
2024-02-06,GRMN,121.81,121.93,120.06,120.18,570101
2024-02-06,CHKP,162.45,166.705,161.51,162.0,1934818
2024-02-06,CHK,76.03,76.61,75.09,75.94,2544108
2024-02-06,LOGI,84.97,85.78,84.73,84.74,344220
2024-02-06,NGVC,14.6,14.86,14.49,14.7,60197
2024-02-07,CHKP,164.33,166.5,162.5,163.73,693441
2024-02-07,EXP,240.28,242.005,237.52,238.71,343397
2024-02-07,CHK,76.04,76.88,75.0,76.43,1879621
2024-02-07,CAMT,77.97,79.64,77.52,78.52,239858
2024-02-07,LOGI,83.34,84.07,83.25,83.5,318283
2024-02-07,NGVC,14.49,14.63,14.31,14.55,49744
2024-02-07,KALU,63.52,64.38,62.47,64.38,94533
2024-02-07,PLSE,8.6,8.68,8.37,8.68,92479
2024-02-07,NUKK,0.77,0.8476,0.77,0.81,125623
2024-02-07,GRMN,121.73,122.22,121.002,121.81,708129
2024-02-07,ENCP,11.6,11.6145,11.6,11.6,18861
2024-02-08,GRMN,122.32,122.46,120.86,122.04,596359
2024-02-08,ENCP,11.6,11.6042,11.6,11.6042,26806
2024-02-08,KALU,64.85,65.36,62.64,63.87,65498
2024-02-08,CHKP,163.18,164.25,162.05,163.96,751478
2024-02-08,CHK,77.27,77.32,75.57,75.69,1531526
2024-02-08,EXP,243.38,243.67,239.52,240.29,327725
2024-02-08,CAMT,79.19,80.55,77.37,78.3,418065
2024-02-08,LOGI,84.6,84.85,83.98,84.17,313074
2024-02-08,NGVC,14.81,14.99,14.56,14.57,53306
2024-02-08,NUKK,0.82,0.89,0.8,0.8186,93039
2024-02-08,PLSE,8.52,8.61,8.26,8.26,140749
2024-02-09,GRMN,123.27,123.7,121.9,122.27,599454
2024-02-09,NUKK,0.9657,1.03,0.82,0.82,855901
2024-02-09,LOGI,85.21,85.9,84.91,85.04,369582
2024-02-09,CHKP,164.31,165.96,163.3,163.66,477445
2024-02-09,KALU,64.68,65.115,63.5,64.82,68904
2024-02-09,ENCP,11.6,11.6,11.6,11.6,20795
2024-02-09,NGVC,17.15,17.75,15.67,15.67,206218
2024-02-09,PLSE,8.38,9.03,8.34,8.61,214182
2024-02-09,CHK,76.83,77.23,76.39,77.07,1923779
2024-02-09,EXP,243.22,244.72,242.83,244.43,371412
2024-02-09,CAMT,81.52,82.2699,78.33,80.59,252908
2024-02-12,EXP,246.37,249.01,244.175,244.49,334701
2024-02-12,CHK,77.56,78.45,76.75,76.77,1602778
2024-02-12,LOGI,85.27,85.95,84.85,85.19,206695
2024-02-12,GRMN,123.62,123.925,122.955,123.27,713996
2024-02-12,ENCP,11.6028,11.6028,11.6,11.6,1173
2024-02-12,NGVC,15.6,17.15,15.59,17.15,148084
2024-02-12,KALU,65.49,66.52,65.1,65.1,96614
2024-02-12,NUKK,1.26,1.36,0.93,0.98,1102510
2024-02-12,CAMT,80.38,83.8999,80.22,81.45,368173
2024-02-12,CHKP,162.83,163.93,162.36,163.66,408592
2024-02-12,PLSE,8.39,8.675,8.161,8.4,111844
2024-02-13,KALU,61.44,66.76,60.71,62.46,113504
2024-02-13,PLSE,7.8,8.25,7.77,8.25,132241
2024-02-13,LOGI,85.42,85.47,84.05,84.14,389581
2024-02-13,CHKP,164.13,164.16,161.05,161.13,705123
2024-02-13,CAMT,78.46,80.7787,77.15,78.0,399338
2024-02-13,ENCP,11.55,11.64,11.49,11.5,5694
2024-02-13,GRMN,121.12,121.89,120.06,121.89,538788
2024-02-13,EXP,240.39,240.515,234.0,239.23,485572
2024-02-13,CHK,76.43,76.99,75.59,76.86,1989291
2024-02-13,NUKK,1.96,2.1,1.03,1.19,3192548
2024-02-13,NGVC,15.08,15.39,14.78,15.24,112688
2024-02-14,EXP,245.31,247.41,241.38,243.41,328088
2024-02-14,CHK,75.85,76.82,74.7,76.48,2359416
2024-02-14,GRMN,122.83,122.89,120.725,121.78,723722
2024-02-14,KALU,63.39,64.14,62.125,62.85,161229
2024-02-14,CAMT,83.34,84.59,80.0,80.0,525704
2024-02-14,ENCP,11.64,11.806,11.55,11.55,8485
2024-02-14,LOGI,87.1,87.13,86.16,86.75,330545
2024-02-14,PLSE,8.78,8.9,7.785,7.92,214851
2024-02-14,NUKK,1.3,1.7275,1.25,1.68,1282194
2024-02-14,CHKP,165.29,165.35,162.49,163.69,602796
2024-02-14,NGVC,15.31,15.41,15.018,15.12,49625
2024-02-15,ENCP,11.6,11.6103,11.6,11.6,4021
2024-02-15,NGVC,15.21,15.43,15.08,15.33,61881
2024-02-15,LOGI,87.41,88.07,87.07,87.24,435649
2024-02-15,NUKK,1.3,1.4561,1.16,1.29,479408
2024-02-15,CHK,78.09,79.11,76.0,76.57,2168827
2024-02-15,KALU,65.55,65.65,63.44,63.47,155541
2024-02-15,GRMN,123.96,124.035,122.89,122.97,644736
2024-02-15,CAMT,84.74,84.89,81.72,83.81,427651
2024-02-15,EXP,249.04,249.36,243.155,247.61,319411
2024-02-15,CHKP,164.24,164.795,162.9106,164.58,478743
2024-02-15,PLSE,9.2,9.3,8.49,8.72,173206
2024-02-16,GRMN,122.2,123.7817,122.1,123.63,1602529
2024-02-16,CAMT,87.77,89.65,85.55,86.0,840563
2024-02-16,KALU,66.06,67.5,65.0,65.0,96627
2024-02-16,CHK,78.73,79.12,77.21,78.1,1743011
2024-02-16,EXP,246.51,252.305,246.37,250.0,356745
2024-02-16,NGVC,14.86,15.3099,14.7702,15.01,58882
2024-02-16,LOGI,85.9,87.45,85.9,87.38,482494
2024-02-16,PLSE,9.18,9.35,8.95,9.07,110586
2024-02-16,CHKP,162.77,165.0,162.15,164.94,462064
2024-02-16,ENCP,11.5,11.64,11.5,11.64,4514
2024-02-16,NUKK,1.26,1.39,1.22,1.34,119522
2024-02-20,EXP,242.13,245.72,240.35,244.28,340670
2024-02-20,NUKK,1.16,1.3,1.16,1.3,107805
2024-02-20,KALU,65.77,65.85,63.4,64.54,113133
2024-02-20,ENCP,11.6,11.8799,9.355,11.03,120375
2024-02-20,LOGI,87.79,87.98,86.74,87.62,466667
2024-02-20,GRMN,122.75,123.46,121.2,121.61,1233272
2024-02-20,CHK,77.65,78.94,77.54,78.38,1984015
2024-02-20,PLSE,9.13,9.37,8.67,9.25,152616
2024-02-20,NGVC,14.98,15.31,14.81,14.88,98809
2024-02-20,CHKP,160.1,162.6799,159.89,162.32,732055
2024-02-20,CAMT,82.07,87.14,79.4886,84.0,1059994
2024-02-21,KALU,66.08,67.59,65.84,66.02,134081
2024-02-21,CHK,83.85,84.3272,79.5,79.5,6010190
2024-02-21,GRMN,133.58,137.87,128.89,129.99,2561139
2024-02-21,NUKK,1.08,1.21,0.99,1.17,252190
2024-02-21,CAMT,76.84,79.98,74.59,79.62,911692
2024-02-21,PLSE,9.35,9.48,8.83,8.94,114711
2024-02-21,EXP,242.3,243.01,241.34,242.07,214460
2024-02-21,CHKP,154.87,154.97,147.04,152.06,2239232
2024-02-21,NGVC,15.01,15.0428,14.8101,14.98,64442
2024-02-21,ENCP,11.55,11.6116,11.5,11.6116,51272
2024-02-21,LOGI,86.74,87.23,86.29,86.75,512553
2024-02-22,KALU,70.61,73.69,62.83,68.4,262770
2024-02-22,GRMN,133.94,134.77,131.2,134.77,2101546
2024-02-22,EXP,249.51,250.09,244.0,244.0,286180
2024-02-22,NGVC,14.83,15.0,14.7,14.94,32446
2024-02-22,LOGI,89.0,89.29,87.8,87.84,364057
2024-02-22,ENCP,11.57,11.57,11.54,11.55,1198
2024-02-22,CHKP,156.39,158.01,155.93,157.73,1341001
2024-02-22,PLSE,9.45,9.74,9.32,9.35,137579
2024-02-22,NUKK,1.04,1.1314,1.0,1.1314,116247
2024-02-22,CAMT,83.02,83.95,80.23,80.23,685870
2024-02-22,CHK,83.28,83.58,81.38,82.34,2421106
2024-02-23,PLSE,9.12,9.56,9.06,9.46,135399
2024-02-23,EXP,248.67,251.24,247.93,250.84,223303
2024-02-23,LOGI,89.64,90.0,89.12,90.0,288544
2024-02-23,CAMT,77.79,83.545,77.03,83.14,589929
2024-02-23,ENCP,11.72,12.3,11.5,11.5,9657
2024-02-23,NUKK,0.9,1.09,0.826,1.09,205514
2024-02-23,CHKP,160.28,160.7,157.355,157.72,782120
2024-02-23,GRMN,135.51,135.715,133.61,134.64,1236802
2024-02-23,KALU,71.13,71.36,69.72,71.0,150518
2024-02-23,NGVC,15.31,15.39,14.78,14.8,51250
2024-02-23,CHK,81.93,82.34,80.92,82.34,2020970
2024-02-26,CAMT,80.38,80.49,78.12,78.12,712380
2024-02-26,KALU,72.09,72.19,69.76,70.38,160656
2024-02-26,NUKK,0.95,1.005,0.873,0.873,308483
2024-02-26,CHK,81.98,82.7353,81.46,82.13,1640144
2024-02-26,CHKP,159.43,162.17,159.33,160.0,918570
2024-02-26,NGVC,15.77,15.86,15.2,15.2,64396
2024-02-26,EXP,250.99,252.0,248.0544,248.41,215636
2024-02-26,PLSE,9.93,9.99,8.89,8.95,134582
2024-02-26,GRMN,135.22,135.49,133.16,134.94,1352401
2024-02-26,ENCP,12.49,12.52,10.79,12.5,29666
2024-02-26,LOGI,89.85,90.195,89.6,90.08,397136
2024-02-27,KALU,70.82,73.29,70.81,73.29,117153
2024-02-27,ENCP,11.01,12.4,10.8,12.4,35556
2024-02-27,CAMT,80.51,82.2874,78.835,81.64,448588
2024-02-27,LOGI,89.94,90.7884,89.88,90.38,251908
2024-02-27,PLSE,10.88,11.06,9.8001,9.87,304115
2024-02-27,NUKK,0.8975,1.0,0.87,1.0,149551
2024-02-27,GRMN,134.69,135.34,134.01,134.99,936619
2024-02-27,NGVC,15.77,16.23,15.74,16.0,40588
2024-02-27,CHKP,161.54,161.6,158.37,159.49,732797
2024-02-27,EXP,251.07,253.13,250.58,251.48,247302
2024-02-27,CHK,81.94,82.73,81.47,82.52,1817242
2024-02-28,GRMN,137.3,139.49,134.11,134.11,1809545
2024-02-28,NGVC,15.9,16.1543,15.08,15.7,133776
2024-02-28,LOGI,88.77,89.82,88.27,89.82,380339
2024-02-28,NUKK,0.9686,1.1,0.9501,1.02,695003
2024-02-28,EXP,250.71,253.02,250.15,250.15,207887
2024-02-28,CHK,82.05,82.56,81.23,81.61,1276862
2024-02-28,KALU,70.28,71.1,69.47,69.57,121037
2024-02-28,CHKP,162.1,163.4,161.61,161.61,650564
2024-02-28,ENCP,8.21,11.9227,8.21,11.11,9702
2024-02-28,PLSE,10.16,10.96,9.88,10.96,133010
2024-02-28,CAMT,80.59,82.15,78.67,80.0,311880
2024-02-29,GRMN,137.35,138.06,136.2507,137.4,1627456
2024-02-29,KALU,72.52,72.69,70.89,71.71,137496
2024-02-29,PLSE,9.88,10.63,9.81,10.35,126974
2024-02-29,EXP,253.55,255.36,252.44,253.31,271070
2024-02-29,CHK,82.78,83.27,81.965,82.12,1710265
2024-02-29,NGVC,16.57,16.8299,16.14,16.2,79479
2024-02-29,CHKP,160.42,162.405,159.455,162.26,891563
2024-02-29,NUKK,0.937,1.07,0.937,1.03,278383
2024-02-29,ENCP,8.45,9.4857,8.31,9.01,45276
2024-02-29,LOGI,87.82,89.25,87.61,89.14,335233
2024-02-29,CAMT,79.59,81.975,79.3,81.32,268815
2024-03-01,LOGI,87.9,88.34,87.665,87.77,318542
2024-03-01,ENCP,3.5,13.05,3.4,12.38,256231
2024-03-01,NGVC,16.49,16.6,16.02,16.6,60836
2024-03-01,CAMT,81.74,82.74,79.6,80.06,440656
2024-03-01,PLSE,10.27,10.29,9.81,10.07,90784
2024-03-01,GRMN,137.43,138.39,136.7904,137.0,927599
2024-03-01,CHK,82.81,83.67,82.43,83.29,1539466
2024-03-01,KALU,73.59,73.96,71.91,73.12,110121
2024-03-01,CHKP,158.05,160.105,157.65,159.65,738651
2024-03-01,EXP,256.2,256.615,252.98,252.98,247591
2024-03-01,NUKK,0.94,0.9989,0.91,0.932,90083
2024-03-04,NUKK,1.02,1.1,0.95,0.9765,687013
2024-03-04,NGVC,16.25,16.795,16.23,16.51,69554
2024-03-04,CAMT,84.2,85.86,82.075,82.51,549161
2024-03-04,ENCP,5.04,6.49,3.88,4.28,1472981
2024-03-04,LOGI,86.33,87.04,84.89,87.04,630685
2024-03-04,GRMN,139.67,140.455,137.0,137.06,1281515
2024-03-04,EXP,258.68,261.41,257.62,257.86,275759
2024-03-04,CHK,82.42,84.26,82.35,83.91,2619131
2024-03-04,KALU,71.27,73.94,71.27,73.41,113075
2024-03-04,PLSE,9.66,10.5592,9.31,10.27,228217
2024-03-04,CHKP,159.0,159.69,157.13,157.83,732686
2024-03-05,EXP,254.99,259.7599,254.395,257.14,264047
2024-03-05,PLSE,9.17,9.81,8.77,9.81,272558
2024-03-05,CAMT,79.55,83.35,78.75,83.0,465389
2024-03-05,NGVC,16.15,16.47,16.15,16.25,32498
2024-03-05,CHK,82.92,83.63,81.91,82.33,2324884
2024-03-05,LOGI,84.78,86.45,84.44,86.45,455084
2024-03-05,NUKK,0.88,1.06,0.86,1.02,597300
2024-03-05,ENCP,6.79,7.47,5.04,5.04,361078
2024-03-05,CHKP,157.84,158.75,155.3268,158.27,679902
2024-03-05,GRMN,140.09,140.23,138.3,139.53,1149235
2024-03-05,KALU,71.76,71.935,69.96,70.29,139255
2024-03-06,NGVC,16.06,16.32,16.04,16.32,31808
2024-03-06,CAMT,80.95,82.41,80.17,81.11,214557
2024-03-06,ENCP,8.3,9.5,6.94,6.94,105383
2024-03-06,GRMN,139.95,141.78,139.53,140.64,999918
2024-03-06,KALU,72.73,73.9015,71.7701,73.16,136558
2024-03-06,PLSE,9.305,9.85,9.23,9.47,117688
2024-03-06,EXP,256.22,258.39,253.06,256.99,296082
2024-03-06,CHKP,157.75,163.535,157.69,160.54,898155
2024-03-06,LOGI,88.26,88.95,86.79,86.94,538184
2024-03-06,CHK,81.92,83.23,81.685,83.16,1346003
2024-03-06,NUKK,0.834,0.95,0.8,0.88,428323
2024-03-07,PLSE,9.45,9.74,9.02,9.32,52225
2024-03-07,NUKK,0.82,0.83,0.7815,0.82,263065
2024-03-07,CHK,81.53,82.17,81.23,81.99,1226217
2024-03-07,KALU,75.48,75.57,73.24,73.24,132761
2024-03-07,CHKP,158.41,159.31,157.04,158.59,617910
2024-03-07,GRMN,141.43,141.65,139.77,140.5,917988
2024-03-07,ENCP,8.2416,8.5,7.99,8.2,63304
2024-03-07,LOGI,89.53,89.96,88.73,89.02,350964
2024-03-07,EXP,259.57,262.4,257.66,257.66,169661
2024-03-07,NGVC,16.55,16.71,16.1519,16.22,53712
2024-03-07,CAMT,84.31,84.44,81.09,81.46,474157
2024-03-08,CAMT,77.34,85.0,77.33,84.0,666440
2024-03-08,KALU,75.46,77.31,74.54,76.72,93986
2024-03-08,ENCP,8.12,9.34,8.06,8.17,24400
2024-03-08,CHK,82.01,82.54,81.49,81.98,985163
2024-03-08,CHKP,160.0,160.08,157.625,158.55,670729
2024-03-08,GRMN,141.94,142.73,141.06,141.47,832169
2024-03-08,NGVC,17.06,17.06,16.55,16.56,71621
2024-03-08,NUKK,0.8004,0.8954,0.788,0.82,424421
2024-03-08,LOGI,90.51,91.41,90.31,90.4,458944
2024-03-08,PLSE,9.64,9.75,9.28,9.6,164296
2024-03-08,EXP,256.99,261.65,255.885,259.43,174617
2024-03-11,LOGI,91.41,91.45,88.27,90.46,556416
2024-03-11,KALU,76.75,77.25,73.52,74.18,217481
2024-03-11,GRMN,145.99,146.67,141.6,141.63,2714492
2024-03-11,PLSE,10.68,11.6398,9.7601,10.02,306239
2024-03-11,CAMT,75.2,75.91,71.56,74.66,928063
2024-03-11,NGVC,17.64,17.66,16.94,17.14,87947
2024-03-11,CHKP,163.47,164.1,160.22,160.22,1130313
2024-03-11,CHK,83.35,83.51,81.27,81.89,2699293
2024-03-11,ENCP,12.01,13.4699,8.39,9.28,481982
2024-03-11,EXP,251.61,256.375,247.215,255.76,312254
2024-03-11,NUKK,1.15,1.306,0.8,0.8,6846376
